# one row per pristine copy under scratch/pristine. expected_sha256 is the content fingerprint tools/tree_inventory.py took from the ORIGINAL tree before this study ran anything; measured_sha256 is the same recipe applied now to the pristine copy, whose patch files are the inodes every working copy hard links to. unchanged reads no if any stage wrote into a tree in place.
tree,expected_sha256,measured_sha256,unchanged,checked_utc
A,8374d0927ec634a042bfe14180f6d4620d8dda1290766a751b3448949e41d90b,8374d0927ec634a042bfe14180f6d4620d8dda1290766a751b3448949e41d90b,yes,2026-09-21T21:20:18Z
C,3cd211f71be11463ac9c07630381852965d058861616d41037c45da726fde020,3cd211f71be11463ac9c07630381852965d058861616d41037c45da726fde020,yes,2026-09-21T21:20:18Z
D150,37cecbb928cb831b09a5bc9aebc7b8c7c2a8a433f085ff7cc41aea6072947e08,37cecbb928cb831b09a5bc9aebc7b8c7c2a8a433f085ff7cc41aea6072947e08,yes,2026-09-21T21:20:18Z
D450,abc5e11db1e7ee5d09c04884cbdce6893bf11b289022a8c4985cff189d0413fd,abc5e11db1e7ee5d09c04884cbdce6893bf11b289022a8c4985cff189d0413fd,yes,2026-09-21T21:20:18Z
P2,a0392cea488c160da3608c654cb2ff8eba0aa583efccd69484d2b06b383f104b,a0392cea488c160da3608c654cb2ff8eba0aa583efccd69484d2b06b383f104b,yes,2026-09-21T21:20:18Z
S,c7ac952312047492c9e40c7a2fe7d2961a427e71415a48845a1f55cd0e51e2a6,c7ac952312047492c9e40c7a2fe7d2961a427e71415a48845a1f55cd0e51e2a6,yes,2026-09-21T21:20:18Z
b40,79f829f2653473f45fea726e217bcc03f7582fb83ece0d45f1c4f31d809b0f95,79f829f2653473f45fea726e217bcc03f7582fb83ece0d45f1c4f31d809b0f95,yes,2026-09-21T21:20:18Z
repeat,79f829f2653473f45fea726e217bcc03f7582fb83ece0d45f1c4f31d809b0f95,79f829f2653473f45fea726e217bcc03f7582fb83ece0d45f1c4f31d809b0f95,yes,2026-09-21T21:20:18Z
