# one row per chain stage run by tools/run_arm.py on a fresh copy of a PHerc0139 growth tree. seconds is wall clock from time.monotonic around the subprocess; cores_busy_at_start and mem_available_gb_at_start are the first line of /data/scrollagent/tools/machine.sh read just before the copy, because this machine is shared. A row is written whatever the return code, and the copy is what the stage wrote into: the tree on disk is never run in place.
tag,arm,tree,repeat,binary_sha256,stage,seconds,return_code,patch_limit,omp_num_threads,cores_busy_at_start,mem_available_gb_at_start,started_utc,log,out_dir
pilot,plain,A,1,d59199492f4f33cb64e4ac6cb34a040484387b865b3028e3baa3775962b85e14,c,3.9,0,40000,4,0.1,108.2,2026-09-21T20:53:32Z,/data/scrollagent/runs/rev1/c-stage-on-0139/log/chain-pilot-A-r1-c.txt,/data/scrollagent/runs/rev1/c-stage-on-0139/scratch/out/pilot/A-r1/C40
pilot,plain,A,1,d59199492f4f33cb64e4ac6cb34a040484387b865b3028e3baa3775962b85e14,l,0.1,0,40000,4,0.1,108.2,2026-09-21T20:53:36Z,/data/scrollagent/runs/rev1/c-stage-on-0139/log/chain-pilot-A-r1-l.txt,/data/scrollagent/runs/rev1/c-stage-on-0139/scratch/out/pilot/A-r1/C40
pilot,plain,A,1,d59199492f4f33cb64e4ac6cb34a040484387b865b3028e3baa3775962b85e14,vm 10,0.1,0,40000,4,0.1,108.2,2026-09-21T20:53:36Z,/data/scrollagent/runs/rev1/c-stage-on-0139/log/chain-pilot-A-r1-vm_10.txt,/data/scrollagent/runs/rev1/c-stage-on-0139/scratch/out/pilot/A-r1/C40
pilot,plain,A,1,d59199492f4f33cb64e4ac6cb34a040484387b865b3028e3baa3775962b85e14,hm 10,0.0,0,40000,4,0.1,108.2,2026-09-21T20:53:36Z,/data/scrollagent/runs/rev1/c-stage-on-0139/log/chain-pilot-A-r1-hm_10.txt,/data/scrollagent/runs/rev1/c-stage-on-0139/scratch/out/pilot/A-r1/C40
pilot,plain,A,1,d59199492f4f33cb64e4ac6cb34a040484387b865b3028e3baa3775962b85e14,fm 30 10,1.2,0,40000,4,0.1,108.2,2026-09-21T20:53:36Z,/data/scrollagent/runs/rev1/c-stage-on-0139/log/chain-pilot-A-r1-fm_30_10.txt,/data/scrollagent/runs/rev1/c-stage-on-0139/scratch/out/pilot/A-r1/C40
pilot,plain,repeat,1,d59199492f4f33cb64e4ac6cb34a040484387b865b3028e3baa3775962b85e14,c,51.4,0,40000,4,0.1,108.1,2026-09-21T20:54:18Z,/data/scrollagent/runs/rev1/c-stage-on-0139/log/chain-pilot-repeat-r1-c.txt,/data/scrollagent/runs/rev1/c-stage-on-0139/scratch/out/pilot/repeat-r1/C40
pilot,plain,P2,1,d59199492f4f33cb64e4ac6cb34a040484387b865b3028e3baa3775962b85e14,c,112.8,0,40000,4,0.1,108.4,2026-09-21T20:56:28Z,/data/scrollagent/runs/rev1/c-stage-on-0139/log/chain-pilot-P2-r1-c.txt,/data/scrollagent/runs/rev1/c-stage-on-0139/scratch/out/pilot/P2-r1/C40
id-c2,c2,repeat,1,0e17e4c3e7120d6ca1a73b9df7bff0605c4f30b738db4b4d193cd330d5634009,c,49.8,0,40000,4,1.5,108.3,2026-09-21T21:02:01Z,/data/scrollagent/runs/rev1/c-stage-on-0139/log/chain-id-c2-repeat-r1-c.txt,/data/scrollagent/runs/rev1/c-stage-on-0139/scratch/out/id-c2/repeat-r1/C40
id-guarded,guarded,repeat,1,339fd9349cc30668ec5d5ead765f8c8c9335c8d73b3f25005dfcc7e8a8013bf1,c,51.7,0,40000,4,1.5,108.3,2026-09-21T21:02:01Z,/data/scrollagent/runs/rev1/c-stage-on-0139/log/chain-id-guarded-repeat-r1-c.txt,/data/scrollagent/runs/rev1/c-stage-on-0139/scratch/out/id-guarded/repeat-r1/C40
id-c2,c2,repeat,1,0e17e4c3e7120d6ca1a73b9df7bff0605c4f30b738db4b4d193cd330d5634009,l,2.4,0,40000,4,1.5,108.3,2026-09-21T21:02:51Z,/data/scrollagent/runs/rev1/c-stage-on-0139/log/chain-id-c2-repeat-r1-l.txt,/data/scrollagent/runs/rev1/c-stage-on-0139/scratch/out/id-c2/repeat-r1/C40
id-plain,plain,repeat,1,d59199492f4f33cb64e4ac6cb34a040484387b865b3028e3baa3775962b85e14,c,54.0,0,40000,4,1.5,108.3,2026-09-21T21:02:01Z,/data/scrollagent/runs/rev1/c-stage-on-0139/log/chain-id-plain-repeat-r1-c.txt,/data/scrollagent/runs/rev1/c-stage-on-0139/scratch/out/id-plain/repeat-r1/C40
id-guarded,guarded,repeat,1,339fd9349cc30668ec5d5ead765f8c8c9335c8d73b3f25005dfcc7e8a8013bf1,l,2.3,0,40000,4,1.5,108.3,2026-09-21T21:02:53Z,/data/scrollagent/runs/rev1/c-stage-on-0139/log/chain-id-guarded-repeat-r1-l.txt,/data/scrollagent/runs/rev1/c-stage-on-0139/scratch/out/id-guarded/repeat-r1/C40
id-plain,plain,repeat,1,d59199492f4f33cb64e4ac6cb34a040484387b865b3028e3baa3775962b85e14,l,2.4,0,40000,4,1.5,108.3,2026-09-21T21:02:55Z,/data/scrollagent/runs/rev1/c-stage-on-0139/log/chain-id-plain-repeat-r1-l.txt,/data/scrollagent/runs/rev1/c-stage-on-0139/scratch/out/id-plain/repeat-r1/C40
id-c2,c2,repeat,1,0e17e4c3e7120d6ca1a73b9df7bff0605c4f30b738db4b4d193cd330d5634009,vm 10,19.9,0,40000,4,1.5,108.3,2026-09-21T21:02:53Z,/data/scrollagent/runs/rev1/c-stage-on-0139/log/chain-id-c2-repeat-r1-vm_10.txt,/data/scrollagent/runs/rev1/c-stage-on-0139/scratch/out/id-c2/repeat-r1/C40
id-c2,c2,repeat,1,0e17e4c3e7120d6ca1a73b9df7bff0605c4f30b738db4b4d193cd330d5634009,hm 10,0.1,0,40000,4,1.5,108.3,2026-09-21T21:03:13Z,/data/scrollagent/runs/rev1/c-stage-on-0139/log/chain-id-c2-repeat-r1-hm_10.txt,/data/scrollagent/runs/rev1/c-stage-on-0139/scratch/out/id-c2/repeat-r1/C40
id-guarded,guarded,repeat,1,339fd9349cc30668ec5d5ead765f8c8c9335c8d73b3f25005dfcc7e8a8013bf1,vm 10,19.3,0,40000,4,1.5,108.3,2026-09-21T21:02:55Z,/data/scrollagent/runs/rev1/c-stage-on-0139/log/chain-id-guarded-repeat-r1-vm_10.txt,/data/scrollagent/runs/rev1/c-stage-on-0139/scratch/out/id-guarded/repeat-r1/C40
id-guarded,guarded,repeat,1,339fd9349cc30668ec5d5ead765f8c8c9335c8d73b3f25005dfcc7e8a8013bf1,hm 10,0.1,0,40000,4,1.5,108.3,2026-09-21T21:03:15Z,/data/scrollagent/runs/rev1/c-stage-on-0139/log/chain-id-guarded-repeat-r1-hm_10.txt,/data/scrollagent/runs/rev1/c-stage-on-0139/scratch/out/id-guarded/repeat-r1/C40
id-plain,plain,repeat,1,d59199492f4f33cb64e4ac6cb34a040484387b865b3028e3baa3775962b85e14,vm 10,20.4,0,40000,4,1.5,108.3,2026-09-21T21:02:58Z,/data/scrollagent/runs/rev1/c-stage-on-0139/log/chain-id-plain-repeat-r1-vm_10.txt,/data/scrollagent/runs/rev1/c-stage-on-0139/scratch/out/id-plain/repeat-r1/C40
id-plain,plain,repeat,1,d59199492f4f33cb64e4ac6cb34a040484387b865b3028e3baa3775962b85e14,hm 10,0.1,0,40000,4,1.5,108.3,2026-09-21T21:03:18Z,/data/scrollagent/runs/rev1/c-stage-on-0139/log/chain-id-plain-repeat-r1-hm_10.txt,/data/scrollagent/runs/rev1/c-stage-on-0139/scratch/out/id-plain/repeat-r1/C40
id-c2,c2,repeat,1,0e17e4c3e7120d6ca1a73b9df7bff0605c4f30b738db4b4d193cd330d5634009,fm 30 10,20.5,0,40000,4,1.5,108.3,2026-09-21T21:03:14Z,/data/scrollagent/runs/rev1/c-stage-on-0139/log/chain-id-c2-repeat-r1-fm_30_10.txt,/data/scrollagent/runs/rev1/c-stage-on-0139/scratch/out/id-c2/repeat-r1/C40
id-guarded,guarded,repeat,1,339fd9349cc30668ec5d5ead765f8c8c9335c8d73b3f25005dfcc7e8a8013bf1,fm 30 10,20.9,0,40000,4,1.5,108.3,2026-09-21T21:03:15Z,/data/scrollagent/runs/rev1/c-stage-on-0139/log/chain-id-guarded-repeat-r1-fm_30_10.txt,/data/scrollagent/runs/rev1/c-stage-on-0139/scratch/out/id-guarded/repeat-r1/C40
id-plain,plain,repeat,1,d59199492f4f33cb64e4ac6cb34a040484387b865b3028e3baa3775962b85e14,fm 30 10,21.0,0,40000,4,1.5,108.3,2026-09-21T21:03:18Z,/data/scrollagent/runs/rev1/c-stage-on-0139/log/chain-id-plain-repeat-r1-fm_30_10.txt,/data/scrollagent/runs/rev1/c-stage-on-0139/scratch/out/id-plain/repeat-r1/C40
id-c2,c2,b40,1,0e17e4c3e7120d6ca1a73b9df7bff0605c4f30b738db4b4d193cd330d5634009,c,49.4,0,40000,4,1.2,107.6,2026-09-21T21:04:04Z,/data/scrollagent/runs/rev1/c-stage-on-0139/log/chain-id-c2-b40-r1-c.txt,/data/scrollagent/runs/rev1/c-stage-on-0139/scratch/out/id-c2/b40-r1/C40
id-plain,plain,b40,1,d59199492f4f33cb64e4ac6cb34a040484387b865b3028e3baa3775962b85e14,c,50.1,0,40000,4,1.2,107.6,2026-09-21T21:04:03Z,/data/scrollagent/runs/rev1/c-stage-on-0139/log/chain-id-plain-b40-r1-c.txt,/data/scrollagent/runs/rev1/c-stage-on-0139/scratch/out/id-plain/b40-r1/C40
id-c2,c2,b40,1,0e17e4c3e7120d6ca1a73b9df7bff0605c4f30b738db4b4d193cd330d5634009,l,2.4,0,40000,4,1.2,107.6,2026-09-21T21:04:53Z,/data/scrollagent/runs/rev1/c-stage-on-0139/log/chain-id-c2-b40-r1-l.txt,/data/scrollagent/runs/rev1/c-stage-on-0139/scratch/out/id-c2/b40-r1/C40
id-plain,plain,b40,1,d59199492f4f33cb64e4ac6cb34a040484387b865b3028e3baa3775962b85e14,l,2.3,0,40000,4,1.2,107.6,2026-09-21T21:04:53Z,/data/scrollagent/runs/rev1/c-stage-on-0139/log/chain-id-plain-b40-r1-l.txt,/data/scrollagent/runs/rev1/c-stage-on-0139/scratch/out/id-plain/b40-r1/C40
id-guarded,guarded,b40,1,339fd9349cc30668ec5d5ead765f8c8c9335c8d73b3f25005dfcc7e8a8013bf1,c,52.3,0,40000,4,1.2,107.6,2026-09-21T21:04:04Z,/data/scrollagent/runs/rev1/c-stage-on-0139/log/chain-id-guarded-b40-r1-c.txt,/data/scrollagent/runs/rev1/c-stage-on-0139/scratch/out/id-guarded/b40-r1/C40
id-c2,c2,b40,1,0e17e4c3e7120d6ca1a73b9df7bff0605c4f30b738db4b4d193cd330d5634009,vm 10,2.5,0,40000,4,1.2,107.6,2026-09-21T21:04:55Z,/data/scrollagent/runs/rev1/c-stage-on-0139/log/chain-id-c2-b40-r1-vm_10.txt,/data/scrollagent/runs/rev1/c-stage-on-0139/scratch/out/id-c2/b40-r1/C40
id-c2,c2,b40,1,0e17e4c3e7120d6ca1a73b9df7bff0605c4f30b738db4b4d193cd330d5634009,hm 10,0.1,0,40000,4,1.2,107.6,2026-09-21T21:04:58Z,/data/scrollagent/runs/rev1/c-stage-on-0139/log/chain-id-c2-b40-r1-hm_10.txt,/data/scrollagent/runs/rev1/c-stage-on-0139/scratch/out/id-c2/b40-r1/C40
id-plain,plain,b40,1,d59199492f4f33cb64e4ac6cb34a040484387b865b3028e3baa3775962b85e14,vm 10,2.5,0,40000,4,1.2,107.6,2026-09-21T21:04:56Z,/data/scrollagent/runs/rev1/c-stage-on-0139/log/chain-id-plain-b40-r1-vm_10.txt,/data/scrollagent/runs/rev1/c-stage-on-0139/scratch/out/id-plain/b40-r1/C40
id-plain,plain,b40,1,d59199492f4f33cb64e4ac6cb34a040484387b865b3028e3baa3775962b85e14,hm 10,0.1,0,40000,4,1.2,107.6,2026-09-21T21:04:58Z,/data/scrollagent/runs/rev1/c-stage-on-0139/log/chain-id-plain-b40-r1-hm_10.txt,/data/scrollagent/runs/rev1/c-stage-on-0139/scratch/out/id-plain/b40-r1/C40
id-guarded,guarded,b40,1,339fd9349cc30668ec5d5ead765f8c8c9335c8d73b3f25005dfcc7e8a8013bf1,l,2.3,0,40000,4,1.2,107.6,2026-09-21T21:04:56Z,/data/scrollagent/runs/rev1/c-stage-on-0139/log/chain-id-guarded-b40-r1-l.txt,/data/scrollagent/runs/rev1/c-stage-on-0139/scratch/out/id-guarded/b40-r1/C40
id-guarded,guarded,b40,1,339fd9349cc30668ec5d5ead765f8c8c9335c8d73b3f25005dfcc7e8a8013bf1,vm 10,16.9,0,40000,4,1.2,107.6,2026-09-21T21:04:58Z,/data/scrollagent/runs/rev1/c-stage-on-0139/log/chain-id-guarded-b40-r1-vm_10.txt,/data/scrollagent/runs/rev1/c-stage-on-0139/scratch/out/id-guarded/b40-r1/C40
id-guarded,guarded,b40,1,339fd9349cc30668ec5d5ead765f8c8c9335c8d73b3f25005dfcc7e8a8013bf1,hm 10,0.1,0,40000,4,1.2,107.6,2026-09-21T21:05:15Z,/data/scrollagent/runs/rev1/c-stage-on-0139/log/chain-id-guarded-b40-r1-hm_10.txt,/data/scrollagent/runs/rev1/c-stage-on-0139/scratch/out/id-guarded/b40-r1/C40
id-c2,c2,b40,1,0e17e4c3e7120d6ca1a73b9df7bff0605c4f30b738db4b4d193cd330d5634009,fm 30 10,20.7,0,40000,4,1.2,107.6,2026-09-21T21:04:58Z,/data/scrollagent/runs/rev1/c-stage-on-0139/log/chain-id-c2-b40-r1-fm_30_10.txt,/data/scrollagent/runs/rev1/c-stage-on-0139/scratch/out/id-c2/b40-r1/C40
id-plain,plain,b40,1,d59199492f4f33cb64e4ac6cb34a040484387b865b3028e3baa3775962b85e14,fm 30 10,20.6,0,40000,4,1.2,107.6,2026-09-21T21:04:58Z,/data/scrollagent/runs/rev1/c-stage-on-0139/log/chain-id-plain-b40-r1-fm_30_10.txt,/data/scrollagent/runs/rev1/c-stage-on-0139/scratch/out/id-plain/b40-r1/C40
id-guarded,guarded,b40,1,339fd9349cc30668ec5d5ead765f8c8c9335c8d73b3f25005dfcc7e8a8013bf1,fm 30 10,21.1,0,40000,4,1.2,107.6,2026-09-21T21:05:15Z,/data/scrollagent/runs/rev1/c-stage-on-0139/log/chain-id-guarded-b40-r1-fm_30_10.txt,/data/scrollagent/runs/rev1/c-stage-on-0139/scratch/out/id-guarded/b40-r1/C40
id-c2,c2,D150,1,0e17e4c3e7120d6ca1a73b9df7bff0605c4f30b738db4b4d193cd330d5634009,c,86.4,0,40000,4,0.1,108.0,2026-09-21T21:05:56Z,/data/scrollagent/runs/rev1/c-stage-on-0139/log/chain-id-c2-D150-r1-c.txt,/data/scrollagent/runs/rev1/c-stage-on-0139/scratch/out/id-c2/D150-r1/C40
id-c2,c2,D150,1,0e17e4c3e7120d6ca1a73b9df7bff0605c4f30b738db4b4d193cd330d5634009,l,4.2,0,40000,4,0.1,108.0,2026-09-21T21:07:22Z,/data/scrollagent/runs/rev1/c-stage-on-0139/log/chain-id-c2-D150-r1-l.txt,/data/scrollagent/runs/rev1/c-stage-on-0139/scratch/out/id-c2/D150-r1/C40
id-c2,c2,D150,1,0e17e4c3e7120d6ca1a73b9df7bff0605c4f30b738db4b4d193cd330d5634009,vm 10,5.2,0,40000,4,0.1,108.0,2026-09-21T21:07:26Z,/data/scrollagent/runs/rev1/c-stage-on-0139/log/chain-id-c2-D150-r1-vm_10.txt,/data/scrollagent/runs/rev1/c-stage-on-0139/scratch/out/id-c2/D150-r1/C40
id-c2,c2,D150,1,0e17e4c3e7120d6ca1a73b9df7bff0605c4f30b738db4b4d193cd330d5634009,hm 10,0.2,0,40000,4,0.1,108.0,2026-09-21T21:07:31Z,/data/scrollagent/runs/rev1/c-stage-on-0139/log/chain-id-c2-D150-r1-hm_10.txt,/data/scrollagent/runs/rev1/c-stage-on-0139/scratch/out/id-c2/D150-r1/C40
id-plain,plain,D150,1,d59199492f4f33cb64e4ac6cb34a040484387b865b3028e3baa3775962b85e14,c,120.9,0,40000,4,0.1,108.0,2026-09-21T21:05:56Z,/data/scrollagent/runs/rev1/c-stage-on-0139/log/chain-id-plain-D150-r1-c.txt,/data/scrollagent/runs/rev1/c-stage-on-0139/scratch/out/id-plain/D150-r1/C40
id-guarded,guarded,D150,1,339fd9349cc30668ec5d5ead765f8c8c9335c8d73b3f25005dfcc7e8a8013bf1,c,122.2,0,40000,4,0.1,108.0,2026-09-21T21:05:56Z,/data/scrollagent/runs/rev1/c-stage-on-0139/log/chain-id-guarded-D150-r1-c.txt,/data/scrollagent/runs/rev1/c-stage-on-0139/scratch/out/id-guarded/D150-r1/C40
id-plain,plain,D150,1,d59199492f4f33cb64e4ac6cb34a040484387b865b3028e3baa3775962b85e14,l,4.2,0,40000,4,0.1,108.0,2026-09-21T21:07:56Z,/data/scrollagent/runs/rev1/c-stage-on-0139/log/chain-id-plain-D150-r1-l.txt,/data/scrollagent/runs/rev1/c-stage-on-0139/scratch/out/id-plain/D150-r1/C40
id-guarded,guarded,D150,1,339fd9349cc30668ec5d5ead765f8c8c9335c8d73b3f25005dfcc7e8a8013bf1,l,4.2,0,40000,4,0.1,108.0,2026-09-21T21:07:58Z,/data/scrollagent/runs/rev1/c-stage-on-0139/log/chain-id-guarded-D150-r1-l.txt,/data/scrollagent/runs/rev1/c-stage-on-0139/scratch/out/id-guarded/D150-r1/C40
id-c2,c2,D150,1,0e17e4c3e7120d6ca1a73b9df7bff0605c4f30b738db4b4d193cd330d5634009,fm 30 10,34.1,0,40000,4,0.1,108.0,2026-09-21T21:07:32Z,/data/scrollagent/runs/rev1/c-stage-on-0139/log/chain-id-c2-D150-r1-fm_30_10.txt,/data/scrollagent/runs/rev1/c-stage-on-0139/scratch/out/id-c2/D150-r1/C40
id-plain,plain,D150,1,d59199492f4f33cb64e4ac6cb34a040484387b865b3028e3baa3775962b85e14,vm 10,5.1,0,40000,4,0.1,108.0,2026-09-21T21:08:01Z,/data/scrollagent/runs/rev1/c-stage-on-0139/log/chain-id-plain-D150-r1-vm_10.txt,/data/scrollagent/runs/rev1/c-stage-on-0139/scratch/out/id-plain/D150-r1/C40
id-plain,plain,D150,1,d59199492f4f33cb64e4ac6cb34a040484387b865b3028e3baa3775962b85e14,hm 10,0.2,0,40000,4,0.1,108.0,2026-09-21T21:08:06Z,/data/scrollagent/runs/rev1/c-stage-on-0139/log/chain-id-plain-D150-r1-hm_10.txt,/data/scrollagent/runs/rev1/c-stage-on-0139/scratch/out/id-plain/D150-r1/C40
id-guarded,guarded,D150,1,339fd9349cc30668ec5d5ead765f8c8c9335c8d73b3f25005dfcc7e8a8013bf1,vm 10,5.1,0,40000,4,0.1,108.0,2026-09-21T21:08:02Z,/data/scrollagent/runs/rev1/c-stage-on-0139/log/chain-id-guarded-D150-r1-vm_10.txt,/data/scrollagent/runs/rev1/c-stage-on-0139/scratch/out/id-guarded/D150-r1/C40
id-guarded,guarded,D150,1,339fd9349cc30668ec5d5ead765f8c8c9335c8d73b3f25005dfcc7e8a8013bf1,hm 10,0.2,0,40000,4,0.1,108.0,2026-09-21T21:08:07Z,/data/scrollagent/runs/rev1/c-stage-on-0139/log/chain-id-guarded-D150-r1-hm_10.txt,/data/scrollagent/runs/rev1/c-stage-on-0139/scratch/out/id-guarded/D150-r1/C40
id-plain,plain,D150,1,d59199492f4f33cb64e4ac6cb34a040484387b865b3028e3baa3775962b85e14,fm 30 10,34.2,0,40000,4,0.1,108.0,2026-09-21T21:08:06Z,/data/scrollagent/runs/rev1/c-stage-on-0139/log/chain-id-plain-D150-r1-fm_30_10.txt,/data/scrollagent/runs/rev1/c-stage-on-0139/scratch/out/id-plain/D150-r1/C40
id-guarded,guarded,D150,1,339fd9349cc30668ec5d5ead765f8c8c9335c8d73b3f25005dfcc7e8a8013bf1,fm 30 10,34.8,0,40000,4,0.1,108.0,2026-09-21T21:08:07Z,/data/scrollagent/runs/rev1/c-stage-on-0139/log/chain-id-guarded-D150-r1-fm_30_10.txt,/data/scrollagent/runs/rev1/c-stage-on-0139/scratch/out/id-guarded/D150-r1/C40
id-c2,c2,D450,1,0e17e4c3e7120d6ca1a73b9df7bff0605c4f30b738db4b4d193cd330d5634009,c,103.2,0,40000,4,0.1,108.3,2026-09-21T21:09:05Z,/data/scrollagent/runs/rev1/c-stage-on-0139/log/chain-id-c2-D450-r1-c.txt,/data/scrollagent/runs/rev1/c-stage-on-0139/scratch/out/id-c2/D450-r1/C40
id-c2,c2,D450,1,0e17e4c3e7120d6ca1a73b9df7bff0605c4f30b738db4b4d193cd330d5634009,l,4.2,0,40000,4,0.1,108.3,2026-09-21T21:10:48Z,/data/scrollagent/runs/rev1/c-stage-on-0139/log/chain-id-c2-D450-r1-l.txt,/data/scrollagent/runs/rev1/c-stage-on-0139/scratch/out/id-c2/D450-r1/C40
id-guarded,guarded,D450,1,339fd9349cc30668ec5d5ead765f8c8c9335c8d73b3f25005dfcc7e8a8013bf1,c,111.2,0,40000,4,0.1,108.3,2026-09-21T21:09:05Z,/data/scrollagent/runs/rev1/c-stage-on-0139/log/chain-id-guarded-D450-r1-c.txt,/data/scrollagent/runs/rev1/c-stage-on-0139/scratch/out/id-guarded/D450-r1/C40
id-c2,c2,D450,1,0e17e4c3e7120d6ca1a73b9df7bff0605c4f30b738db4b4d193cd330d5634009,vm 10,4.6,0,40000,4,0.1,108.3,2026-09-21T21:10:53Z,/data/scrollagent/runs/rev1/c-stage-on-0139/log/chain-id-c2-D450-r1-vm_10.txt,/data/scrollagent/runs/rev1/c-stage-on-0139/scratch/out/id-c2/D450-r1/C40
id-c2,c2,D450,1,0e17e4c3e7120d6ca1a73b9df7bff0605c4f30b738db4b4d193cd330d5634009,hm 10,0.2,0,40000,4,0.1,108.3,2026-09-21T21:10:57Z,/data/scrollagent/runs/rev1/c-stage-on-0139/log/chain-id-c2-D450-r1-hm_10.txt,/data/scrollagent/runs/rev1/c-stage-on-0139/scratch/out/id-c2/D450-r1/C40
id-guarded,guarded,D450,1,339fd9349cc30668ec5d5ead765f8c8c9335c8d73b3f25005dfcc7e8a8013bf1,l,4.2,0,40000,4,0.1,108.3,2026-09-21T21:10:56Z,/data/scrollagent/runs/rev1/c-stage-on-0139/log/chain-id-guarded-D450-r1-l.txt,/data/scrollagent/runs/rev1/c-stage-on-0139/scratch/out/id-guarded/D450-r1/C40
id-plain,plain,D450,1,d59199492f4f33cb64e4ac6cb34a040484387b865b3028e3baa3775962b85e14,c,119.6,0,40000,4,0.1,108.3,2026-09-21T21:09:05Z,/data/scrollagent/runs/rev1/c-stage-on-0139/log/chain-id-plain-D450-r1-c.txt,/data/scrollagent/runs/rev1/c-stage-on-0139/scratch/out/id-plain/D450-r1/C40
id-guarded,guarded,D450,1,339fd9349cc30668ec5d5ead765f8c8c9335c8d73b3f25005dfcc7e8a8013bf1,vm 10,4.6,0,40000,4,0.1,108.3,2026-09-21T21:11:00Z,/data/scrollagent/runs/rev1/c-stage-on-0139/log/chain-id-guarded-D450-r1-vm_10.txt,/data/scrollagent/runs/rev1/c-stage-on-0139/scratch/out/id-guarded/D450-r1/C40
id-guarded,guarded,D450,1,339fd9349cc30668ec5d5ead765f8c8c9335c8d73b3f25005dfcc7e8a8013bf1,hm 10,0.2,0,40000,4,0.1,108.3,2026-09-21T21:11:05Z,/data/scrollagent/runs/rev1/c-stage-on-0139/log/chain-id-guarded-D450-r1-hm_10.txt,/data/scrollagent/runs/rev1/c-stage-on-0139/scratch/out/id-guarded/D450-r1/C40
id-plain,plain,D450,1,d59199492f4f33cb64e4ac6cb34a040484387b865b3028e3baa3775962b85e14,l,4.1,0,40000,4,0.1,108.3,2026-09-21T21:11:05Z,/data/scrollagent/runs/rev1/c-stage-on-0139/log/chain-id-plain-D450-r1-l.txt,/data/scrollagent/runs/rev1/c-stage-on-0139/scratch/out/id-plain/D450-r1/C40
id-plain,plain,D450,1,d59199492f4f33cb64e4ac6cb34a040484387b865b3028e3baa3775962b85e14,vm 10,4.6,0,40000,4,0.1,108.3,2026-09-21T21:11:09Z,/data/scrollagent/runs/rev1/c-stage-on-0139/log/chain-id-plain-D450-r1-vm_10.txt,/data/scrollagent/runs/rev1/c-stage-on-0139/scratch/out/id-plain/D450-r1/C40
id-plain,plain,D450,1,d59199492f4f33cb64e4ac6cb34a040484387b865b3028e3baa3775962b85e14,hm 10,0.2,0,40000,4,0.1,108.3,2026-09-21T21:11:13Z,/data/scrollagent/runs/rev1/c-stage-on-0139/log/chain-id-plain-D450-r1-hm_10.txt,/data/scrollagent/runs/rev1/c-stage-on-0139/scratch/out/id-plain/D450-r1/C40
id-c2,c2,D450,1,0e17e4c3e7120d6ca1a73b9df7bff0605c4f30b738db4b4d193cd330d5634009,fm 30 10,34.1,0,40000,4,0.1,108.3,2026-09-21T21:10:57Z,/data/scrollagent/runs/rev1/c-stage-on-0139/log/chain-id-c2-D450-r1-fm_30_10.txt,/data/scrollagent/runs/rev1/c-stage-on-0139/scratch/out/id-c2/D450-r1/C40
id-guarded,guarded,D450,1,339fd9349cc30668ec5d5ead765f8c8c9335c8d73b3f25005dfcc7e8a8013bf1,fm 30 10,34.4,0,40000,4,0.1,108.3,2026-09-21T21:11:05Z,/data/scrollagent/runs/rev1/c-stage-on-0139/log/chain-id-guarded-D450-r1-fm_30_10.txt,/data/scrollagent/runs/rev1/c-stage-on-0139/scratch/out/id-guarded/D450-r1/C40
id-plain,plain,D450,1,d59199492f4f33cb64e4ac6cb34a040484387b865b3028e3baa3775962b85e14,fm 30 10,34.3,0,40000,4,0.1,108.3,2026-09-21T21:11:14Z,/data/scrollagent/runs/rev1/c-stage-on-0139/log/chain-id-plain-D450-r1-fm_30_10.txt,/data/scrollagent/runs/rev1/c-stage-on-0139/scratch/out/id-plain/D450-r1/C40
id-plain,plain,P2,1,d59199492f4f33cb64e4ac6cb34a040484387b865b3028e3baa3775962b85e14,c,111.4,0,40000,4,0.2,108.1,2026-09-21T21:12:11Z,/data/scrollagent/runs/rev1/c-stage-on-0139/log/chain-id-plain-P2-r1-c.txt,/data/scrollagent/runs/rev1/c-stage-on-0139/scratch/out/id-plain/P2-r1/C40
id-c2,c2,P2,1,0e17e4c3e7120d6ca1a73b9df7bff0605c4f30b738db4b4d193cd330d5634009,c,115.1,0,40000,4,0.2,108.1,2026-09-21T21:12:11Z,/data/scrollagent/runs/rev1/c-stage-on-0139/log/chain-id-c2-P2-r1-c.txt,/data/scrollagent/runs/rev1/c-stage-on-0139/scratch/out/id-c2/P2-r1/C40
id-guarded,guarded,P2,1,339fd9349cc30668ec5d5ead765f8c8c9335c8d73b3f25005dfcc7e8a8013bf1,c,115.7,0,40000,4,0.2,108.1,2026-09-21T21:12:11Z,/data/scrollagent/runs/rev1/c-stage-on-0139/log/chain-id-guarded-P2-r1-c.txt,/data/scrollagent/runs/rev1/c-stage-on-0139/scratch/out/id-guarded/P2-r1/C40
id-plain,plain,P2,1,d59199492f4f33cb64e4ac6cb34a040484387b865b3028e3baa3775962b85e14,l,4.3,0,40000,4,0.2,108.1,2026-09-21T21:14:02Z,/data/scrollagent/runs/rev1/c-stage-on-0139/log/chain-id-plain-P2-r1-l.txt,/data/scrollagent/runs/rev1/c-stage-on-0139/scratch/out/id-plain/P2-r1/C40
id-c2,c2,P2,1,0e17e4c3e7120d6ca1a73b9df7bff0605c4f30b738db4b4d193cd330d5634009,l,4.3,0,40000,4,0.2,108.1,2026-09-21T21:14:06Z,/data/scrollagent/runs/rev1/c-stage-on-0139/log/chain-id-c2-P2-r1-l.txt,/data/scrollagent/runs/rev1/c-stage-on-0139/scratch/out/id-c2/P2-r1/C40
id-guarded,guarded,P2,1,339fd9349cc30668ec5d5ead765f8c8c9335c8d73b3f25005dfcc7e8a8013bf1,l,4.3,0,40000,4,0.2,108.1,2026-09-21T21:14:06Z,/data/scrollagent/runs/rev1/c-stage-on-0139/log/chain-id-guarded-P2-r1-l.txt,/data/scrollagent/runs/rev1/c-stage-on-0139/scratch/out/id-guarded/P2-r1/C40
id-plain,plain,P2,1,d59199492f4f33cb64e4ac6cb34a040484387b865b3028e3baa3775962b85e14,vm 10,4.8,0,40000,4,0.2,108.1,2026-09-21T21:14:06Z,/data/scrollagent/runs/rev1/c-stage-on-0139/log/chain-id-plain-P2-r1-vm_10.txt,/data/scrollagent/runs/rev1/c-stage-on-0139/scratch/out/id-plain/P2-r1/C40
id-plain,plain,P2,1,d59199492f4f33cb64e4ac6cb34a040484387b865b3028e3baa3775962b85e14,hm 10,0.2,0,40000,4,0.2,108.1,2026-09-21T21:14:11Z,/data/scrollagent/runs/rev1/c-stage-on-0139/log/chain-id-plain-P2-r1-hm_10.txt,/data/scrollagent/runs/rev1/c-stage-on-0139/scratch/out/id-plain/P2-r1/C40
id-c2,c2,P2,1,0e17e4c3e7120d6ca1a73b9df7bff0605c4f30b738db4b4d193cd330d5634009,vm 10,4.8,0,40000,4,0.2,108.1,2026-09-21T21:14:10Z,/data/scrollagent/runs/rev1/c-stage-on-0139/log/chain-id-c2-P2-r1-vm_10.txt,/data/scrollagent/runs/rev1/c-stage-on-0139/scratch/out/id-c2/P2-r1/C40
id-c2,c2,P2,1,0e17e4c3e7120d6ca1a73b9df7bff0605c4f30b738db4b4d193cd330d5634009,hm 10,0.2,0,40000,4,0.2,108.1,2026-09-21T21:14:15Z,/data/scrollagent/runs/rev1/c-stage-on-0139/log/chain-id-c2-P2-r1-hm_10.txt,/data/scrollagent/runs/rev1/c-stage-on-0139/scratch/out/id-c2/P2-r1/C40
id-guarded,guarded,P2,1,339fd9349cc30668ec5d5ead765f8c8c9335c8d73b3f25005dfcc7e8a8013bf1,vm 10,4.8,0,40000,4,0.2,108.1,2026-09-21T21:14:11Z,/data/scrollagent/runs/rev1/c-stage-on-0139/log/chain-id-guarded-P2-r1-vm_10.txt,/data/scrollagent/runs/rev1/c-stage-on-0139/scratch/out/id-guarded/P2-r1/C40
id-guarded,guarded,P2,1,339fd9349cc30668ec5d5ead765f8c8c9335c8d73b3f25005dfcc7e8a8013bf1,hm 10,0.2,0,40000,4,0.2,108.1,2026-09-21T21:14:15Z,/data/scrollagent/runs/rev1/c-stage-on-0139/log/chain-id-guarded-P2-r1-hm_10.txt,/data/scrollagent/runs/rev1/c-stage-on-0139/scratch/out/id-guarded/P2-r1/C40
id-plain,plain,P2,1,d59199492f4f33cb64e4ac6cb34a040484387b865b3028e3baa3775962b85e14,fm 30 10,32.4,0,40000,4,0.2,108.1,2026-09-21T21:14:11Z,/data/scrollagent/runs/rev1/c-stage-on-0139/log/chain-id-plain-P2-r1-fm_30_10.txt,/data/scrollagent/runs/rev1/c-stage-on-0139/scratch/out/id-plain/P2-r1/C40
id-c2,c2,P2,1,0e17e4c3e7120d6ca1a73b9df7bff0605c4f30b738db4b4d193cd330d5634009,fm 30 10,31.6,0,40000,4,0.2,108.1,2026-09-21T21:14:15Z,/data/scrollagent/runs/rev1/c-stage-on-0139/log/chain-id-c2-P2-r1-fm_30_10.txt,/data/scrollagent/runs/rev1/c-stage-on-0139/scratch/out/id-c2/P2-r1/C40
id-guarded,guarded,P2,1,339fd9349cc30668ec5d5ead765f8c8c9335c8d73b3f25005dfcc7e8a8013bf1,fm 30 10,32.1,0,40000,4,0.2,108.1,2026-09-21T21:14:16Z,/data/scrollagent/runs/rev1/c-stage-on-0139/log/chain-id-guarded-P2-r1-fm_30_10.txt,/data/scrollagent/runs/rev1/c-stage-on-0139/scratch/out/id-guarded/P2-r1/C40
id-plain,plain,C,1,d59199492f4f33cb64e4ac6cb34a040484387b865b3028e3baa3775962b85e14,c,74.3,0,40000,4,0.5,108.0,2026-09-21T21:15:11Z,/data/scrollagent/runs/rev1/c-stage-on-0139/log/chain-id-plain-C-r1-c.txt,/data/scrollagent/runs/rev1/c-stage-on-0139/scratch/out/id-plain/C-r1/C40
id-guarded,guarded,C,1,339fd9349cc30668ec5d5ead765f8c8c9335c8d73b3f25005dfcc7e8a8013bf1,c,75.9,0,40000,4,0.5,108.0,2026-09-21T21:15:11Z,/data/scrollagent/runs/rev1/c-stage-on-0139/log/chain-id-guarded-C-r1-c.txt,/data/scrollagent/runs/rev1/c-stage-on-0139/scratch/out/id-guarded/C-r1/C40
id-plain,plain,C,1,d59199492f4f33cb64e4ac6cb34a040484387b865b3028e3baa3775962b85e14,l,4.2,0,40000,4,0.5,108.0,2026-09-21T21:16:25Z,/data/scrollagent/runs/rev1/c-stage-on-0139/log/chain-id-plain-C-r1-l.txt,/data/scrollagent/runs/rev1/c-stage-on-0139/scratch/out/id-plain/C-r1/C40
id-guarded,guarded,C,1,339fd9349cc30668ec5d5ead765f8c8c9335c8d73b3f25005dfcc7e8a8013bf1,l,4.3,0,40000,4,0.5,108.0,2026-09-21T21:16:27Z,/data/scrollagent/runs/rev1/c-stage-on-0139/log/chain-id-guarded-C-r1-l.txt,/data/scrollagent/runs/rev1/c-stage-on-0139/scratch/out/id-guarded/C-r1/C40
id-plain,plain,C,1,d59199492f4f33cb64e4ac6cb34a040484387b865b3028e3baa3775962b85e14,vm 10,4.4,0,40000,4,0.5,108.0,2026-09-21T21:16:29Z,/data/scrollagent/runs/rev1/c-stage-on-0139/log/chain-id-plain-C-r1-vm_10.txt,/data/scrollagent/runs/rev1/c-stage-on-0139/scratch/out/id-plain/C-r1/C40
id-plain,plain,C,1,d59199492f4f33cb64e4ac6cb34a040484387b865b3028e3baa3775962b85e14,hm 10,0.2,0,40000,4,0.5,108.0,2026-09-21T21:16:34Z,/data/scrollagent/runs/rev1/c-stage-on-0139/log/chain-id-plain-C-r1-hm_10.txt,/data/scrollagent/runs/rev1/c-stage-on-0139/scratch/out/id-plain/C-r1/C40
id-guarded,guarded,C,1,339fd9349cc30668ec5d5ead765f8c8c9335c8d73b3f25005dfcc7e8a8013bf1,vm 10,4.4,0,40000,4,0.5,108.0,2026-09-21T21:16:31Z,/data/scrollagent/runs/rev1/c-stage-on-0139/log/chain-id-guarded-C-r1-vm_10.txt,/data/scrollagent/runs/rev1/c-stage-on-0139/scratch/out/id-guarded/C-r1/C40
id-guarded,guarded,C,1,339fd9349cc30668ec5d5ead765f8c8c9335c8d73b3f25005dfcc7e8a8013bf1,hm 10,0.2,0,40000,4,0.5,108.0,2026-09-21T21:16:35Z,/data/scrollagent/runs/rev1/c-stage-on-0139/log/chain-id-guarded-C-r1-hm_10.txt,/data/scrollagent/runs/rev1/c-stage-on-0139/scratch/out/id-guarded/C-r1/C40
id-c2,c2,C,1,0e17e4c3e7120d6ca1a73b9df7bff0605c4f30b738db4b4d193cd330d5634009,c,88.9,0,40000,4,0.5,108.0,2026-09-21T21:15:11Z,/data/scrollagent/runs/rev1/c-stage-on-0139/log/chain-id-c2-C-r1-c.txt,/data/scrollagent/runs/rev1/c-stage-on-0139/scratch/out/id-c2/C-r1/C40
id-c2,c2,C,1,0e17e4c3e7120d6ca1a73b9df7bff0605c4f30b738db4b4d193cd330d5634009,l,4.2,0,40000,4,0.5,108.0,2026-09-21T21:16:40Z,/data/scrollagent/runs/rev1/c-stage-on-0139/log/chain-id-c2-C-r1-l.txt,/data/scrollagent/runs/rev1/c-stage-on-0139/scratch/out/id-c2/C-r1/C40
id-c2,c2,C,1,0e17e4c3e7120d6ca1a73b9df7bff0605c4f30b738db4b4d193cd330d5634009,vm 10,4.3,0,40000,4,0.5,108.0,2026-09-21T21:16:44Z,/data/scrollagent/runs/rev1/c-stage-on-0139/log/chain-id-c2-C-r1-vm_10.txt,/data/scrollagent/runs/rev1/c-stage-on-0139/scratch/out/id-c2/C-r1/C40
id-c2,c2,C,1,0e17e4c3e7120d6ca1a73b9df7bff0605c4f30b738db4b4d193cd330d5634009,hm 10,0.2,0,40000,4,0.5,108.0,2026-09-21T21:16:48Z,/data/scrollagent/runs/rev1/c-stage-on-0139/log/chain-id-c2-C-r1-hm_10.txt,/data/scrollagent/runs/rev1/c-stage-on-0139/scratch/out/id-c2/C-r1/C40
id-plain,plain,C,1,d59199492f4f33cb64e4ac6cb34a040484387b865b3028e3baa3775962b85e14,fm 30 10,25.3,0,40000,4,0.5,108.0,2026-09-21T21:16:34Z,/data/scrollagent/runs/rev1/c-stage-on-0139/log/chain-id-plain-C-r1-fm_30_10.txt,/data/scrollagent/runs/rev1/c-stage-on-0139/scratch/out/id-plain/C-r1/C40
id-guarded,guarded,C,1,339fd9349cc30668ec5d5ead765f8c8c9335c8d73b3f25005dfcc7e8a8013bf1,fm 30 10,25.8,0,40000,4,0.5,108.0,2026-09-21T21:16:35Z,/data/scrollagent/runs/rev1/c-stage-on-0139/log/chain-id-guarded-C-r1-fm_30_10.txt,/data/scrollagent/runs/rev1/c-stage-on-0139/scratch/out/id-guarded/C-r1/C40
id-c2,c2,C,1,0e17e4c3e7120d6ca1a73b9df7bff0605c4f30b738db4b4d193cd330d5634009,fm 30 10,25.5,0,40000,4,0.5,108.0,2026-09-21T21:16:48Z,/data/scrollagent/runs/rev1/c-stage-on-0139/log/chain-id-c2-C-r1-fm_30_10.txt,/data/scrollagent/runs/rev1/c-stage-on-0139/scratch/out/id-c2/C-r1/C40
id-plain,plain,S,1,d59199492f4f33cb64e4ac6cb34a040484387b865b3028e3baa3775962b85e14,c,89.7,0,40000,4,0.1,107.8,2026-09-21T21:17:36Z,/data/scrollagent/runs/rev1/c-stage-on-0139/log/chain-id-plain-S-r1-c.txt,/data/scrollagent/runs/rev1/c-stage-on-0139/scratch/out/id-plain/S-r1/C40
id-guarded,guarded,S,1,339fd9349cc30668ec5d5ead765f8c8c9335c8d73b3f25005dfcc7e8a8013bf1,c,92.7,0,40000,4,0.1,107.8,2026-09-21T21:17:36Z,/data/scrollagent/runs/rev1/c-stage-on-0139/log/chain-id-guarded-S-r1-c.txt,/data/scrollagent/runs/rev1/c-stage-on-0139/scratch/out/id-guarded/S-r1/C40
id-plain,plain,S,1,d59199492f4f33cb64e4ac6cb34a040484387b865b3028e3baa3775962b85e14,l,3.9,0,40000,4,0.1,107.8,2026-09-21T21:19:06Z,/data/scrollagent/runs/rev1/c-stage-on-0139/log/chain-id-plain-S-r1-l.txt,/data/scrollagent/runs/rev1/c-stage-on-0139/scratch/out/id-plain/S-r1/C40
id-c2,c2,S,1,0e17e4c3e7120d6ca1a73b9df7bff0605c4f30b738db4b4d193cd330d5634009,c,95.2,0,40000,4,0.1,107.8,2026-09-21T21:17:36Z,/data/scrollagent/runs/rev1/c-stage-on-0139/log/chain-id-c2-S-r1-c.txt,/data/scrollagent/runs/rev1/c-stage-on-0139/scratch/out/id-c2/S-r1/C40
id-guarded,guarded,S,1,339fd9349cc30668ec5d5ead765f8c8c9335c8d73b3f25005dfcc7e8a8013bf1,l,3.9,0,40000,4,0.1,107.8,2026-09-21T21:19:09Z,/data/scrollagent/runs/rev1/c-stage-on-0139/log/chain-id-guarded-S-r1-l.txt,/data/scrollagent/runs/rev1/c-stage-on-0139/scratch/out/id-guarded/S-r1/C40
id-plain,plain,S,1,d59199492f4f33cb64e4ac6cb34a040484387b865b3028e3baa3775962b85e14,vm 10,4.2,0,40000,4,0.1,107.8,2026-09-21T21:19:10Z,/data/scrollagent/runs/rev1/c-stage-on-0139/log/chain-id-plain-S-r1-vm_10.txt,/data/scrollagent/runs/rev1/c-stage-on-0139/scratch/out/id-plain/S-r1/C40
id-plain,plain,S,1,d59199492f4f33cb64e4ac6cb34a040484387b865b3028e3baa3775962b85e14,hm 10,0.2,0,40000,4,0.1,107.8,2026-09-21T21:19:14Z,/data/scrollagent/runs/rev1/c-stage-on-0139/log/chain-id-plain-S-r1-hm_10.txt,/data/scrollagent/runs/rev1/c-stage-on-0139/scratch/out/id-plain/S-r1/C40
id-c2,c2,S,1,0e17e4c3e7120d6ca1a73b9df7bff0605c4f30b738db4b4d193cd330d5634009,l,3.9,0,40000,4,0.1,107.8,2026-09-21T21:19:11Z,/data/scrollagent/runs/rev1/c-stage-on-0139/log/chain-id-c2-S-r1-l.txt,/data/scrollagent/runs/rev1/c-stage-on-0139/scratch/out/id-c2/S-r1/C40
id-guarded,guarded,S,1,339fd9349cc30668ec5d5ead765f8c8c9335c8d73b3f25005dfcc7e8a8013bf1,vm 10,4.2,0,40000,4,0.1,107.8,2026-09-21T21:19:13Z,/data/scrollagent/runs/rev1/c-stage-on-0139/log/chain-id-guarded-S-r1-vm_10.txt,/data/scrollagent/runs/rev1/c-stage-on-0139/scratch/out/id-guarded/S-r1/C40
id-guarded,guarded,S,1,339fd9349cc30668ec5d5ead765f8c8c9335c8d73b3f25005dfcc7e8a8013bf1,hm 10,0.2,0,40000,4,0.1,107.8,2026-09-21T21:19:17Z,/data/scrollagent/runs/rev1/c-stage-on-0139/log/chain-id-guarded-S-r1-hm_10.txt,/data/scrollagent/runs/rev1/c-stage-on-0139/scratch/out/id-guarded/S-r1/C40
id-c2,c2,S,1,0e17e4c3e7120d6ca1a73b9df7bff0605c4f30b738db4b4d193cd330d5634009,vm 10,4.2,0,40000,4,0.1,107.8,2026-09-21T21:19:15Z,/data/scrollagent/runs/rev1/c-stage-on-0139/log/chain-id-c2-S-r1-vm_10.txt,/data/scrollagent/runs/rev1/c-stage-on-0139/scratch/out/id-c2/S-r1/C40
id-c2,c2,S,1,0e17e4c3e7120d6ca1a73b9df7bff0605c4f30b738db4b4d193cd330d5634009,hm 10,0.2,0,40000,4,0.1,107.8,2026-09-21T21:19:20Z,/data/scrollagent/runs/rev1/c-stage-on-0139/log/chain-id-c2-S-r1-hm_10.txt,/data/scrollagent/runs/rev1/c-stage-on-0139/scratch/out/id-c2/S-r1/C40
id-plain,plain,S,1,d59199492f4f33cb64e4ac6cb34a040484387b865b3028e3baa3775962b85e14,fm 30 10,31.7,0,40000,4,0.1,107.8,2026-09-21T21:19:14Z,/data/scrollagent/runs/rev1/c-stage-on-0139/log/chain-id-plain-S-r1-fm_30_10.txt,/data/scrollagent/runs/rev1/c-stage-on-0139/scratch/out/id-plain/S-r1/C40
id-guarded,guarded,S,1,339fd9349cc30668ec5d5ead765f8c8c9335c8d73b3f25005dfcc7e8a8013bf1,fm 30 10,31.1,0,40000,4,0.1,107.8,2026-09-21T21:19:17Z,/data/scrollagent/runs/rev1/c-stage-on-0139/log/chain-id-guarded-S-r1-fm_30_10.txt,/data/scrollagent/runs/rev1/c-stage-on-0139/scratch/out/id-guarded/S-r1/C40
id-c2,c2,S,1,0e17e4c3e7120d6ca1a73b9df7bff0605c4f30b738db4b4d193cd330d5634009,fm 30 10,32.0,0,40000,4,0.1,107.8,2026-09-21T21:19:20Z,/data/scrollagent/runs/rev1/c-stage-on-0139/log/chain-id-c2-S-r1-fm_30_10.txt,/data/scrollagent/runs/rev1/c-stage-on-0139/scratch/out/id-c2/S-r1/C40
id-plain,plain,A,1,d59199492f4f33cb64e4ac6cb34a040484387b865b3028e3baa3775962b85e14,c,2.9,0,40000,4,0.1,108.0,2026-09-21T21:20:12Z,/data/scrollagent/runs/rev1/c-stage-on-0139/log/chain-id-plain-A-r1-c.txt,/data/scrollagent/runs/rev1/c-stage-on-0139/scratch/out/id-plain/A-r1/C40
id-guarded,guarded,A,1,339fd9349cc30668ec5d5ead765f8c8c9335c8d73b3f25005dfcc7e8a8013bf1,c,3.0,0,40000,4,0.1,108.0,2026-09-21T21:20:12Z,/data/scrollagent/runs/rev1/c-stage-on-0139/log/chain-id-guarded-A-r1-c.txt,/data/scrollagent/runs/rev1/c-stage-on-0139/scratch/out/id-guarded/A-r1/C40
id-plain,plain,A,1,d59199492f4f33cb64e4ac6cb34a040484387b865b3028e3baa3775962b85e14,l,0.1,0,40000,4,0.1,108.0,2026-09-21T21:20:15Z,/data/scrollagent/runs/rev1/c-stage-on-0139/log/chain-id-plain-A-r1-l.txt,/data/scrollagent/runs/rev1/c-stage-on-0139/scratch/out/id-plain/A-r1/C40
id-guarded,guarded,A,1,339fd9349cc30668ec5d5ead765f8c8c9335c8d73b3f25005dfcc7e8a8013bf1,l,0.1,0,40000,4,0.1,108.0,2026-09-21T21:20:15Z,/data/scrollagent/runs/rev1/c-stage-on-0139/log/chain-id-guarded-A-r1-l.txt,/data/scrollagent/runs/rev1/c-stage-on-0139/scratch/out/id-guarded/A-r1/C40
id-plain,plain,A,1,d59199492f4f33cb64e4ac6cb34a040484387b865b3028e3baa3775962b85e14,vm 10,0.1,0,40000,4,0.1,108.0,2026-09-21T21:20:15Z,/data/scrollagent/runs/rev1/c-stage-on-0139/log/chain-id-plain-A-r1-vm_10.txt,/data/scrollagent/runs/rev1/c-stage-on-0139/scratch/out/id-plain/A-r1/C40
id-plain,plain,A,1,d59199492f4f33cb64e4ac6cb34a040484387b865b3028e3baa3775962b85e14,hm 10,0.0,0,40000,4,0.1,108.0,2026-09-21T21:20:15Z,/data/scrollagent/runs/rev1/c-stage-on-0139/log/chain-id-plain-A-r1-hm_10.txt,/data/scrollagent/runs/rev1/c-stage-on-0139/scratch/out/id-plain/A-r1/C40
id-guarded,guarded,A,1,339fd9349cc30668ec5d5ead765f8c8c9335c8d73b3f25005dfcc7e8a8013bf1,vm 10,0.2,0,40000,4,0.1,108.0,2026-09-21T21:20:15Z,/data/scrollagent/runs/rev1/c-stage-on-0139/log/chain-id-guarded-A-r1-vm_10.txt,/data/scrollagent/runs/rev1/c-stage-on-0139/scratch/out/id-guarded/A-r1/C40
id-guarded,guarded,A,1,339fd9349cc30668ec5d5ead765f8c8c9335c8d73b3f25005dfcc7e8a8013bf1,hm 10,0.0,0,40000,4,0.1,108.0,2026-09-21T21:20:15Z,/data/scrollagent/runs/rev1/c-stage-on-0139/log/chain-id-guarded-A-r1-hm_10.txt,/data/scrollagent/runs/rev1/c-stage-on-0139/scratch/out/id-guarded/A-r1/C40
id-c2,c2,A,1,0e17e4c3e7120d6ca1a73b9df7bff0605c4f30b738db4b4d193cd330d5634009,c,4.0,0,40000,4,0.1,108.0,2026-09-21T21:20:12Z,/data/scrollagent/runs/rev1/c-stage-on-0139/log/chain-id-c2-A-r1-c.txt,/data/scrollagent/runs/rev1/c-stage-on-0139/scratch/out/id-c2/A-r1/C40
id-c2,c2,A,1,0e17e4c3e7120d6ca1a73b9df7bff0605c4f30b738db4b4d193cd330d5634009,l,0.1,0,40000,4,0.1,108.0,2026-09-21T21:20:16Z,/data/scrollagent/runs/rev1/c-stage-on-0139/log/chain-id-c2-A-r1-l.txt,/data/scrollagent/runs/rev1/c-stage-on-0139/scratch/out/id-c2/A-r1/C40
id-c2,c2,A,1,0e17e4c3e7120d6ca1a73b9df7bff0605c4f30b738db4b4d193cd330d5634009,vm 10,0.2,0,40000,4,0.1,108.0,2026-09-21T21:20:16Z,/data/scrollagent/runs/rev1/c-stage-on-0139/log/chain-id-c2-A-r1-vm_10.txt,/data/scrollagent/runs/rev1/c-stage-on-0139/scratch/out/id-c2/A-r1/C40
id-c2,c2,A,1,0e17e4c3e7120d6ca1a73b9df7bff0605c4f30b738db4b4d193cd330d5634009,hm 10,0.0,0,40000,4,0.1,108.0,2026-09-21T21:20:16Z,/data/scrollagent/runs/rev1/c-stage-on-0139/log/chain-id-c2-A-r1-hm_10.txt,/data/scrollagent/runs/rev1/c-stage-on-0139/scratch/out/id-c2/A-r1/C40
id-plain,plain,A,1,d59199492f4f33cb64e4ac6cb34a040484387b865b3028e3baa3775962b85e14,fm 30 10,1.2,0,40000,4,0.1,108.0,2026-09-21T21:20:15Z,/data/scrollagent/runs/rev1/c-stage-on-0139/log/chain-id-plain-A-r1-fm_30_10.txt,/data/scrollagent/runs/rev1/c-stage-on-0139/scratch/out/id-plain/A-r1/C40
id-guarded,guarded,A,1,339fd9349cc30668ec5d5ead765f8c8c9335c8d73b3f25005dfcc7e8a8013bf1,fm 30 10,1.2,0,40000,4,0.1,108.0,2026-09-21T21:20:15Z,/data/scrollagent/runs/rev1/c-stage-on-0139/log/chain-id-guarded-A-r1-fm_30_10.txt,/data/scrollagent/runs/rev1/c-stage-on-0139/scratch/out/id-guarded/A-r1/C40
id-c2,c2,A,1,0e17e4c3e7120d6ca1a73b9df7bff0605c4f30b738db4b4d193cd330d5634009,fm 30 10,1.2,0,40000,4,0.1,108.0,2026-09-21T21:20:16Z,/data/scrollagent/runs/rev1/c-stage-on-0139/log/chain-id-c2-A-r1-fm_30_10.txt,/data/scrollagent/runs/rev1/c-stage-on-0139/scratch/out/id-c2/A-r1/C40
time-plain,plain,A,1,d59199492f4f33cb64e4ac6cb34a040484387b865b3028e3baa3775962b85e14,c,2.9,0,40000,4,0.1,107.2,2026-09-21T21:21:43Z,/data/scrollagent/runs/rev1/c-stage-on-0139/log/chain-time-plain-A-r1-c.txt,/data/scrollagent/runs/rev1/c-stage-on-0139/scratch/out/time-plain/A-r1/C40
time-guarded,guarded,A,1,339fd9349cc30668ec5d5ead765f8c8c9335c8d73b3f25005dfcc7e8a8013bf1,c,4.0,0,40000,4,0.1,107.3,2026-09-21T21:21:58Z,/data/scrollagent/runs/rev1/c-stage-on-0139/log/chain-time-guarded-A-r1-c.txt,/data/scrollagent/runs/rev1/c-stage-on-0139/scratch/out/time-guarded/A-r1/C40
time-c2,c2,A,1,0e17e4c3e7120d6ca1a73b9df7bff0605c4f30b738db4b4d193cd330d5634009,c,2.9,0,40000,4,0.1,107.5,2026-09-21T21:22:14Z,/data/scrollagent/runs/rev1/c-stage-on-0139/log/chain-time-c2-A-r1-c.txt,/data/scrollagent/runs/rev1/c-stage-on-0139/scratch/out/time-c2/A-r1/C40
time-plain,plain,repeat,1,d59199492f4f33cb64e4ac6cb34a040484387b865b3028e3baa3775962b85e14,c,51.6,0,40000,4,0.2,107.7,2026-09-21T21:22:30Z,/data/scrollagent/runs/rev1/c-stage-on-0139/log/chain-time-plain-repeat-r1-c.txt,/data/scrollagent/runs/rev1/c-stage-on-0139/scratch/out/time-plain/repeat-r1/C40
time-guarded,guarded,repeat,1,339fd9349cc30668ec5d5ead765f8c8c9335c8d73b3f25005dfcc7e8a8013bf1,c,49.8,0,40000,4,1.1,107.7,2026-09-21T21:23:35Z,/data/scrollagent/runs/rev1/c-stage-on-0139/log/chain-time-guarded-repeat-r1-c.txt,/data/scrollagent/runs/rev1/c-stage-on-0139/scratch/out/time-guarded/repeat-r1/C40
time-c2,c2,repeat,1,0e17e4c3e7120d6ca1a73b9df7bff0605c4f30b738db4b4d193cd330d5634009,c,52.8,0,40000,4,0.1,108.1,2026-09-21T21:24:38Z,/data/scrollagent/runs/rev1/c-stage-on-0139/log/chain-time-c2-repeat-r1-c.txt,/data/scrollagent/runs/rev1/c-stage-on-0139/scratch/out/time-c2/repeat-r1/C40
time-plain,plain,S,1,d59199492f4f33cb64e4ac6cb34a040484387b865b3028e3baa3775962b85e14,c,97.5,0,40000,4,0.1,108.3,2026-09-21T21:25:44Z,/data/scrollagent/runs/rev1/c-stage-on-0139/log/chain-time-plain-S-r1-c.txt,/data/scrollagent/runs/rev1/c-stage-on-0139/scratch/out/time-plain/S-r1/C40
time-guarded,guarded,S,1,339fd9349cc30668ec5d5ead765f8c8c9335c8d73b3f25005dfcc7e8a8013bf1,c,103.3,0,40000,4,0.2,108.3,2026-09-21T21:27:35Z,/data/scrollagent/runs/rev1/c-stage-on-0139/log/chain-time-guarded-S-r1-c.txt,/data/scrollagent/runs/rev1/c-stage-on-0139/scratch/out/time-guarded/S-r1/C40
time-c2,c2,S,1,0e17e4c3e7120d6ca1a73b9df7bff0605c4f30b738db4b4d193cd330d5634009,c,94.3,0,40000,4,0.1,108.3,2026-09-21T21:29:32Z,/data/scrollagent/runs/rev1/c-stage-on-0139/log/chain-time-c2-S-r1-c.txt,/data/scrollagent/runs/rev1/c-stage-on-0139/scratch/out/time-c2/S-r1/C40
time-plain,plain,D450,1,d59199492f4f33cb64e4ac6cb34a040484387b865b3028e3baa3775962b85e14,c,109.4,0,40000,4,0.1,108.4,2026-09-21T21:31:19Z,/data/scrollagent/runs/rev1/c-stage-on-0139/log/chain-time-plain-D450-r1-c.txt,/data/scrollagent/runs/rev1/c-stage-on-0139/scratch/out/time-plain/D450-r1/C40
time-guarded,guarded,D450,1,339fd9349cc30668ec5d5ead765f8c8c9335c8d73b3f25005dfcc7e8a8013bf1,c,112.0,0,40000,4,0.1,108.3,2026-09-21T21:33:22Z,/data/scrollagent/runs/rev1/c-stage-on-0139/log/chain-time-guarded-D450-r1-c.txt,/data/scrollagent/runs/rev1/c-stage-on-0139/scratch/out/time-guarded/D450-r1/C40
time-c2,c2,D450,1,0e17e4c3e7120d6ca1a73b9df7bff0605c4f30b738db4b4d193cd330d5634009,c,106.6,0,40000,4,0.3,108.2,2026-09-21T21:35:28Z,/data/scrollagent/runs/rev1/c-stage-on-0139/log/chain-time-c2-D450-r1-c.txt,/data/scrollagent/runs/rev1/c-stage-on-0139/scratch/out/time-c2/D450-r1/C40
time-plain,plain,C,1,d59199492f4f33cb64e4ac6cb34a040484387b865b3028e3baa3775962b85e14,c,72.1,0,40000,4,0.1,108.2,2026-09-21T21:37:28Z,/data/scrollagent/runs/rev1/c-stage-on-0139/log/chain-time-plain-C-r1-c.txt,/data/scrollagent/runs/rev1/c-stage-on-0139/scratch/out/time-plain/C-r1/C40
time-guarded,guarded,C,1,339fd9349cc30668ec5d5ead765f8c8c9335c8d73b3f25005dfcc7e8a8013bf1,c,93.9,0,40000,4,0.0,108.3,2026-09-21T21:38:54Z,/data/scrollagent/runs/rev1/c-stage-on-0139/log/chain-time-guarded-C-r1-c.txt,/data/scrollagent/runs/rev1/c-stage-on-0139/scratch/out/time-guarded/C-r1/C40
time-c2,c2,C,1,0e17e4c3e7120d6ca1a73b9df7bff0605c4f30b738db4b4d193cd330d5634009,c,68.6,0,40000,4,0.4,108.2,2026-09-21T21:40:41Z,/data/scrollagent/runs/rev1/c-stage-on-0139/log/chain-time-c2-C-r1-c.txt,/data/scrollagent/runs/rev1/c-stage-on-0139/scratch/out/time-c2/C-r1/C40
time-plain,plain,D150,1,d59199492f4f33cb64e4ac6cb34a040484387b865b3028e3baa3775962b85e14,c,111.1,0,40000,4,0.2,108.2,2026-09-21T21:42:03Z,/data/scrollagent/runs/rev1/c-stage-on-0139/log/chain-time-plain-D150-r1-c.txt,/data/scrollagent/runs/rev1/c-stage-on-0139/scratch/out/time-plain/D150-r1/C40
time-guarded,guarded,D150,1,339fd9349cc30668ec5d5ead765f8c8c9335c8d73b3f25005dfcc7e8a8013bf1,c,123.4,0,40000,4,0.2,108.2,2026-09-21T21:44:07Z,/data/scrollagent/runs/rev1/c-stage-on-0139/log/chain-time-guarded-D150-r1-c.txt,/data/scrollagent/runs/rev1/c-stage-on-0139/scratch/out/time-guarded/D150-r1/C40
time-c2,c2,D150,1,0e17e4c3e7120d6ca1a73b9df7bff0605c4f30b738db4b4d193cd330d5634009,c,84.0,0,40000,4,0.2,108.2,2026-09-21T21:46:24Z,/data/scrollagent/runs/rev1/c-stage-on-0139/log/chain-time-c2-D150-r1-c.txt,/data/scrollagent/runs/rev1/c-stage-on-0139/scratch/out/time-c2/D150-r1/C40
time-plain,plain,P2,1,d59199492f4f33cb64e4ac6cb34a040484387b865b3028e3baa3775962b85e14,c,119.7,0,40000,4,0.1,108.0,2026-09-21T21:48:01Z,/data/scrollagent/runs/rev1/c-stage-on-0139/log/chain-time-plain-P2-r1-c.txt,/data/scrollagent/runs/rev1/c-stage-on-0139/scratch/out/time-plain/P2-r1/C40
time-guarded,guarded,P2,1,339fd9349cc30668ec5d5ead765f8c8c9335c8d73b3f25005dfcc7e8a8013bf1,c,121.2,0,40000,4,1.2,97.0,2026-09-21T21:50:14Z,/data/scrollagent/runs/rev1/c-stage-on-0139/log/chain-time-guarded-P2-r1-c.txt,/data/scrollagent/runs/rev1/c-stage-on-0139/scratch/out/time-guarded/P2-r1/C40
time-c2,c2,P2,1,0e17e4c3e7120d6ca1a73b9df7bff0605c4f30b738db4b4d193cd330d5634009,c,105.8,0,40000,4,1.1,98.3,2026-09-21T21:52:28Z,/data/scrollagent/runs/rev1/c-stage-on-0139/log/chain-time-c2-P2-r1-c.txt,/data/scrollagent/runs/rev1/c-stage-on-0139/scratch/out/time-c2/P2-r1/C40
time-plain,plain,A,2,d59199492f4f33cb64e4ac6cb34a040484387b865b3028e3baa3775962b85e14,c,3.0,0,40000,4,3.2,89.2,2026-09-21T21:54:27Z,/data/scrollagent/runs/rev1/c-stage-on-0139/log/chain-time-plain-A-r2-c.txt,/data/scrollagent/runs/rev1/c-stage-on-0139/scratch/out/time-plain/A-r2/C40
time-guarded,guarded,A,2,339fd9349cc30668ec5d5ead765f8c8c9335c8d73b3f25005dfcc7e8a8013bf1,c,3.7,0,40000,4,3.1,89.0,2026-09-21T21:54:42Z,/data/scrollagent/runs/rev1/c-stage-on-0139/log/chain-time-guarded-A-r2-c.txt,/data/scrollagent/runs/rev1/c-stage-on-0139/scratch/out/time-guarded/A-r2/C40
time-c2,c2,A,2,0e17e4c3e7120d6ca1a73b9df7bff0605c4f30b738db4b4d193cd330d5634009,c,2.9,0,40000,4,3.2,89.0,2026-09-21T21:54:58Z,/data/scrollagent/runs/rev1/c-stage-on-0139/log/chain-time-c2-A-r2-c.txt,/data/scrollagent/runs/rev1/c-stage-on-0139/scratch/out/time-c2/A-r2/C40
time-plain,plain,repeat,2,d59199492f4f33cb64e4ac6cb34a040484387b865b3028e3baa3775962b85e14,c,50.3,0,40000,4,2.1,94.4,2026-09-21T21:55:14Z,/data/scrollagent/runs/rev1/c-stage-on-0139/log/chain-time-plain-repeat-r2-c.txt,/data/scrollagent/runs/rev1/c-stage-on-0139/scratch/out/time-plain/repeat-r2/C40
time-guarded,guarded,repeat,2,339fd9349cc30668ec5d5ead765f8c8c9335c8d73b3f25005dfcc7e8a8013bf1,c,53.8,0,40000,4,5.1,85.6,2026-09-21T21:56:17Z,/data/scrollagent/runs/rev1/c-stage-on-0139/log/chain-time-guarded-repeat-r2-c.txt,/data/scrollagent/runs/rev1/c-stage-on-0139/scratch/out/time-guarded/repeat-r2/C40
time-c2,c2,repeat,2,0e17e4c3e7120d6ca1a73b9df7bff0605c4f30b738db4b4d193cd330d5634009,c,50.3,0,40000,4,3.1,89.6,2026-09-21T21:57:25Z,/data/scrollagent/runs/rev1/c-stage-on-0139/log/chain-time-c2-repeat-r2-c.txt,/data/scrollagent/runs/rev1/c-stage-on-0139/scratch/out/time-c2/repeat-r2/C40
time-plain,plain,S,2,d59199492f4f33cb64e4ac6cb34a040484387b865b3028e3baa3775962b85e14,c,88.7,0,40000,4,1.1,94.8,2026-09-21T21:58:28Z,/data/scrollagent/runs/rev1/c-stage-on-0139/log/chain-time-plain-S-r2-c.txt,/data/scrollagent/runs/rev1/c-stage-on-0139/scratch/out/time-plain/S-r2/C40
time-guarded,guarded,S,2,339fd9349cc30668ec5d5ead765f8c8c9335c8d73b3f25005dfcc7e8a8013bf1,c,94.1,0,40000,4,1.2,90.4,2026-09-21T22:00:10Z,/data/scrollagent/runs/rev1/c-stage-on-0139/log/chain-time-guarded-S-r2-c.txt,/data/scrollagent/runs/rev1/c-stage-on-0139/scratch/out/time-guarded/S-r2/C40
time-c2,c2,S,2,0e17e4c3e7120d6ca1a73b9df7bff0605c4f30b738db4b4d193cd330d5634009,c,89.3,0,40000,4,2.1,90.7,2026-09-21T22:02:00Z,/data/scrollagent/runs/rev1/c-stage-on-0139/log/chain-time-c2-S-r2-c.txt,/data/scrollagent/runs/rev1/c-stage-on-0139/scratch/out/time-c2/S-r2/C40
time-plain,plain,D450,2,d59199492f4f33cb64e4ac6cb34a040484387b865b3028e3baa3775962b85e14,c,105.3,0,40000,4,1.1,97.8,2026-09-21T22:03:43Z,/data/scrollagent/runs/rev1/c-stage-on-0139/log/chain-time-plain-D450-r2-c.txt,/data/scrollagent/runs/rev1/c-stage-on-0139/scratch/out/time-plain/D450-r2/C40
time-guarded,guarded,D450,2,339fd9349cc30668ec5d5ead765f8c8c9335c8d73b3f25005dfcc7e8a8013bf1,c,114.1,0,40000,4,1.2,94.7,2026-09-21T22:05:42Z,/data/scrollagent/runs/rev1/c-stage-on-0139/log/chain-time-guarded-D450-r2-c.txt,/data/scrollagent/runs/rev1/c-stage-on-0139/scratch/out/time-guarded/D450-r2/C40
time-c2,c2,D450,2,0e17e4c3e7120d6ca1a73b9df7bff0605c4f30b738db4b4d193cd330d5634009,c,109.6,0,40000,4,1.1,91.0,2026-09-21T22:07:50Z,/data/scrollagent/runs/rev1/c-stage-on-0139/log/chain-time-c2-D450-r2-c.txt,/data/scrollagent/runs/rev1/c-stage-on-0139/scratch/out/time-c2/D450-r2/C40
time-plain,plain,C,2,d59199492f4f33cb64e4ac6cb34a040484387b865b3028e3baa3775962b85e14,c,72.3,0,40000,4,1.2,75.5,2026-09-21T22:10:05Z,/data/scrollagent/runs/rev1/c-stage-on-0139/log/chain-time-plain-C-r2-c.txt,/data/scrollagent/runs/rev1/c-stage-on-0139/scratch/out/time-plain/C-r2/C40
time-guarded,guarded,C,2,339fd9349cc30668ec5d5ead765f8c8c9335c8d73b3f25005dfcc7e8a8013bf1,c,94.5,0,40000,4,1.1,75.4,2026-09-21T22:11:30Z,/data/scrollagent/runs/rev1/c-stage-on-0139/log/chain-time-guarded-C-r2-c.txt,/data/scrollagent/runs/rev1/c-stage-on-0139/scratch/out/time-guarded/C-r2/C40
time-c2,c2,C,2,0e17e4c3e7120d6ca1a73b9df7bff0605c4f30b738db4b4d193cd330d5634009,c,68.8,0,40000,4,1.2,74.0,2026-09-21T22:13:18Z,/data/scrollagent/runs/rev1/c-stage-on-0139/log/chain-time-c2-C-r2-c.txt,/data/scrollagent/runs/rev1/c-stage-on-0139/scratch/out/time-c2/C-r2/C40
time-plain,plain,D150,2,d59199492f4f33cb64e4ac6cb34a040484387b865b3028e3baa3775962b85e14,c,107.7,0,40000,4,1.1,74.7,2026-09-21T22:14:40Z,/data/scrollagent/runs/rev1/c-stage-on-0139/log/chain-time-plain-D150-r2-c.txt,/data/scrollagent/runs/rev1/c-stage-on-0139/scratch/out/time-plain/D150-r2/C40
time-guarded,guarded,D150,2,339fd9349cc30668ec5d5ead765f8c8c9335c8d73b3f25005dfcc7e8a8013bf1,c,119.4,0,40000,4,1.4,74.9,2026-09-21T22:16:42Z,/data/scrollagent/runs/rev1/c-stage-on-0139/log/chain-time-guarded-D150-r2-c.txt,/data/scrollagent/runs/rev1/c-stage-on-0139/scratch/out/time-guarded/D150-r2/C40
time-c2,c2,D150,2,0e17e4c3e7120d6ca1a73b9df7bff0605c4f30b738db4b4d193cd330d5634009,c,85.9,0,40000,4,2.1,73.2,2026-09-21T22:18:55Z,/data/scrollagent/runs/rev1/c-stage-on-0139/log/chain-time-c2-D150-r2-c.txt,/data/scrollagent/runs/rev1/c-stage-on-0139/scratch/out/time-c2/D150-r2/C40
time-plain,plain,P2,2,d59199492f4f33cb64e4ac6cb34a040484387b865b3028e3baa3775962b85e14,c,112.6,0,40000,4,1.1,74.0,2026-09-21T22:20:35Z,/data/scrollagent/runs/rev1/c-stage-on-0139/log/chain-time-plain-P2-r2-c.txt,/data/scrollagent/runs/rev1/c-stage-on-0139/scratch/out/time-plain/P2-r2/C40
time-guarded,guarded,P2,2,339fd9349cc30668ec5d5ead765f8c8c9335c8d73b3f25005dfcc7e8a8013bf1,c,112.8,0,40000,4,1.1,73.2,2026-09-21T22:22:42Z,/data/scrollagent/runs/rev1/c-stage-on-0139/log/chain-time-guarded-P2-r2-c.txt,/data/scrollagent/runs/rev1/c-stage-on-0139/scratch/out/time-guarded/P2-r2/C40
time-c2,c2,P2,2,0e17e4c3e7120d6ca1a73b9df7bff0605c4f30b738db4b4d193cd330d5634009,c,110.2,0,40000,4,1.1,73.3,2026-09-21T22:24:48Z,/data/scrollagent/runs/rev1/c-stage-on-0139/log/chain-time-c2-P2-r2-c.txt,/data/scrollagent/runs/rev1/c-stage-on-0139/scratch/out/time-c2/P2-r2/C40
time-plain,plain,A,3,d59199492f4f33cb64e4ac6cb34a040484387b865b3028e3baa3775962b85e14,c,2.9,0,40000,4,1.2,73.1,2026-09-21T22:26:51Z,/data/scrollagent/runs/rev1/c-stage-on-0139/log/chain-time-plain-A-r3-c.txt,/data/scrollagent/runs/rev1/c-stage-on-0139/scratch/out/time-plain/A-r3/C40
time-guarded,guarded,A,3,339fd9349cc30668ec5d5ead765f8c8c9335c8d73b3f25005dfcc7e8a8013bf1,c,4.0,0,40000,4,1.1,73.1,2026-09-21T22:27:06Z,/data/scrollagent/runs/rev1/c-stage-on-0139/log/chain-time-guarded-A-r3-c.txt,/data/scrollagent/runs/rev1/c-stage-on-0139/scratch/out/time-guarded/A-r3/C40
time-c2,c2,A,3,0e17e4c3e7120d6ca1a73b9df7bff0605c4f30b738db4b4d193cd330d5634009,c,2.9,0,40000,4,1.5,73.1,2026-09-21T22:27:23Z,/data/scrollagent/runs/rev1/c-stage-on-0139/log/chain-time-c2-A-r3-c.txt,/data/scrollagent/runs/rev1/c-stage-on-0139/scratch/out/time-c2/A-r3/C40
time-plain,plain,repeat,3,d59199492f4f33cb64e4ac6cb34a040484387b865b3028e3baa3775962b85e14,c,51.9,0,40000,4,2.1,72.8,2026-09-21T22:27:39Z,/data/scrollagent/runs/rev1/c-stage-on-0139/log/chain-time-plain-repeat-r3-c.txt,/data/scrollagent/runs/rev1/c-stage-on-0139/scratch/out/time-plain/repeat-r3/C40
time-guarded,guarded,repeat,3,339fd9349cc30668ec5d5ead765f8c8c9335c8d73b3f25005dfcc7e8a8013bf1,c,49.3,0,40000,4,1.2,73.9,2026-09-21T22:28:44Z,/data/scrollagent/runs/rev1/c-stage-on-0139/log/chain-time-guarded-repeat-r3-c.txt,/data/scrollagent/runs/rev1/c-stage-on-0139/scratch/out/time-guarded/repeat-r3/C40
time-c2,c2,repeat,3,0e17e4c3e7120d6ca1a73b9df7bff0605c4f30b738db4b4d193cd330d5634009,c,51.9,0,40000,4,1.1,80.7,2026-09-21T22:29:46Z,/data/scrollagent/runs/rev1/c-stage-on-0139/log/chain-time-c2-repeat-r3-c.txt,/data/scrollagent/runs/rev1/c-stage-on-0139/scratch/out/time-c2/repeat-r3/C40
time-plain,plain,S,3,d59199492f4f33cb64e4ac6cb34a040484387b865b3028e3baa3775962b85e14,c,89.5,0,40000,4,12.1,80.7,2026-09-21T22:30:52Z,/data/scrollagent/runs/rev1/c-stage-on-0139/log/chain-time-plain-S-r3-c.txt,/data/scrollagent/runs/rev1/c-stage-on-0139/scratch/out/time-plain/S-r3/C40
time-guarded,guarded,S,3,339fd9349cc30668ec5d5ead765f8c8c9335c8d73b3f25005dfcc7e8a8013bf1,c,104.9,0,40000,4,1.1,83.0,2026-09-21T22:32:35Z,/data/scrollagent/runs/rev1/c-stage-on-0139/log/chain-time-guarded-S-r3-c.txt,/data/scrollagent/runs/rev1/c-stage-on-0139/scratch/out/time-guarded/S-r3/C40
time-c2,c2,S,3,0e17e4c3e7120d6ca1a73b9df7bff0605c4f30b738db4b4d193cd330d5634009,c,88.6,0,40000,4,5.1,69.8,2026-09-21T22:34:33Z,/data/scrollagent/runs/rev1/c-stage-on-0139/log/chain-time-c2-S-r3-c.txt,/data/scrollagent/runs/rev1/c-stage-on-0139/scratch/out/time-c2/S-r3/C40
time-plain,plain,D450,3,d59199492f4f33cb64e4ac6cb34a040484387b865b3028e3baa3775962b85e14,c,114.8,0,40000,4,6.0,74.3,2026-09-21T22:36:16Z,/data/scrollagent/runs/rev1/c-stage-on-0139/log/chain-time-plain-D450-r3-c.txt,/data/scrollagent/runs/rev1/c-stage-on-0139/scratch/out/time-plain/D450-r3/C40
time-guarded,guarded,D450,3,339fd9349cc30668ec5d5ead765f8c8c9335c8d73b3f25005dfcc7e8a8013bf1,c,110.5,0,40000,4,1.1,82.8,2026-09-21T22:38:24Z,/data/scrollagent/runs/rev1/c-stage-on-0139/log/chain-time-guarded-D450-r3-c.txt,/data/scrollagent/runs/rev1/c-stage-on-0139/scratch/out/time-guarded/D450-r3/C40
time-c2,c2,D450,3,0e17e4c3e7120d6ca1a73b9df7bff0605c4f30b738db4b4d193cd330d5634009,c,109.3,0,40000,4,1.2,108.1,2026-09-21T22:40:42Z,/data/scrollagent/runs/rev1/c-stage-on-0139/log/chain-time-c2-D450-r3-c.txt,/data/scrollagent/runs/rev1/c-stage-on-0139/scratch/out/time-c2/D450-r3/C40
time-plain,plain,C,3,d59199492f4f33cb64e4ac6cb34a040484387b865b3028e3baa3775962b85e14,c,71.6,0,40000,4,1.1,93.7,2026-09-21T22:42:45Z,/data/scrollagent/runs/rev1/c-stage-on-0139/log/chain-time-plain-C-r3-c.txt,/data/scrollagent/runs/rev1/c-stage-on-0139/scratch/out/time-plain/C-r3/C40
time-guarded,guarded,C,3,339fd9349cc30668ec5d5ead765f8c8c9335c8d73b3f25005dfcc7e8a8013bf1,c,86.2,0,40000,4,7.1,86.1,2026-09-21T22:44:10Z,/data/scrollagent/runs/rev1/c-stage-on-0139/log/chain-time-guarded-C-r3-c.txt,/data/scrollagent/runs/rev1/c-stage-on-0139/scratch/out/time-guarded/C-r3/C40
time-c2,c2,C,3,0e17e4c3e7120d6ca1a73b9df7bff0605c4f30b738db4b4d193cd330d5634009,c,70.2,0,40000,4,3.4,89.2,2026-09-21T22:45:50Z,/data/scrollagent/runs/rev1/c-stage-on-0139/log/chain-time-c2-C-r3-c.txt,/data/scrollagent/runs/rev1/c-stage-on-0139/scratch/out/time-c2/C-r3/C40
time-plain,plain,D150,3,d59199492f4f33cb64e4ac6cb34a040484387b865b3028e3baa3775962b85e14,c,106.0,0,40000,4,6.1,89.0,2026-09-21T22:47:14Z,/data/scrollagent/runs/rev1/c-stage-on-0139/log/chain-time-plain-D150-r3-c.txt,/data/scrollagent/runs/rev1/c-stage-on-0139/scratch/out/time-plain/D150-r3/C40
time-guarded,guarded,D150,3,339fd9349cc30668ec5d5ead765f8c8c9335c8d73b3f25005dfcc7e8a8013bf1,c,111.7,0,40000,4,2.1,91.8,2026-09-21T22:49:14Z,/data/scrollagent/runs/rev1/c-stage-on-0139/log/chain-time-guarded-D150-r3-c.txt,/data/scrollagent/runs/rev1/c-stage-on-0139/scratch/out/time-guarded/D150-r3/C40
time-c2,c2,D150,3,0e17e4c3e7120d6ca1a73b9df7bff0605c4f30b738db4b4d193cd330d5634009,c,82.8,0,40000,4,1.2,93.2,2026-09-21T22:51:20Z,/data/scrollagent/runs/rev1/c-stage-on-0139/log/chain-time-c2-D150-r3-c.txt,/data/scrollagent/runs/rev1/c-stage-on-0139/scratch/out/time-c2/D150-r3/C40
time-plain,plain,P2,3,d59199492f4f33cb64e4ac6cb34a040484387b865b3028e3baa3775962b85e14,c,116.1,0,40000,4,1.2,91.6,2026-09-21T22:52:56Z,/data/scrollagent/runs/rev1/c-stage-on-0139/log/chain-time-plain-P2-r3-c.txt,/data/scrollagent/runs/rev1/c-stage-on-0139/scratch/out/time-plain/P2-r3/C40
time-guarded,guarded,P2,3,339fd9349cc30668ec5d5ead765f8c8c9335c8d73b3f25005dfcc7e8a8013bf1,c,113.2,0,40000,4,1.2,97.8,2026-09-21T22:55:06Z,/data/scrollagent/runs/rev1/c-stage-on-0139/log/chain-time-guarded-P2-r3-c.txt,/data/scrollagent/runs/rev1/c-stage-on-0139/scratch/out/time-guarded/P2-r3/C40
time-c2,c2,P2,3,0e17e4c3e7120d6ca1a73b9df7bff0605c4f30b738db4b4d193cd330d5634009,c,96.3,0,40000,4,1.1,95.2,2026-09-21T22:57:14Z,/data/scrollagent/runs/rev1/c-stage-on-0139/log/chain-time-c2-P2-r3-c.txt,/data/scrollagent/runs/rev1/c-stage-on-0139/scratch/out/time-c2/P2-r3/C40
time-plain,plain,A,4,d59199492f4f33cb64e4ac6cb34a040484387b865b3028e3baa3775962b85e14,c,3.0,0,40000,4,1.0,95.8,2026-09-21T22:59:03Z,/data/scrollagent/runs/rev1/c-stage-on-0139/log/chain-time-plain-A-r4-c.txt,/data/scrollagent/runs/rev1/c-stage-on-0139/scratch/out/time-plain/A-r4/C40
time-guarded,guarded,A,4,339fd9349cc30668ec5d5ead765f8c8c9335c8d73b3f25005dfcc7e8a8013bf1,c,4.2,0,40000,4,12.1,94.7,2026-09-21T22:59:19Z,/data/scrollagent/runs/rev1/c-stage-on-0139/log/chain-time-guarded-A-r4-c.txt,/data/scrollagent/runs/rev1/c-stage-on-0139/scratch/out/time-guarded/A-r4/C40
time-c2,c2,A,4,0e17e4c3e7120d6ca1a73b9df7bff0605c4f30b738db4b4d193cd330d5634009,c,2.9,0,40000,4,12.1,94.6,2026-09-21T22:59:36Z,/data/scrollagent/runs/rev1/c-stage-on-0139/log/chain-time-c2-A-r4-c.txt,/data/scrollagent/runs/rev1/c-stage-on-0139/scratch/out/time-c2/A-r4/C40
time-plain,plain,repeat,4,d59199492f4f33cb64e4ac6cb34a040484387b865b3028e3baa3775962b85e14,c,52.1,0,40000,4,1.3,92.8,2026-09-21T22:59:52Z,/data/scrollagent/runs/rev1/c-stage-on-0139/log/chain-time-plain-repeat-r4-c.txt,/data/scrollagent/runs/rev1/c-stage-on-0139/scratch/out/time-plain/repeat-r4/C40
time-guarded,guarded,repeat,4,339fd9349cc30668ec5d5ead765f8c8c9335c8d73b3f25005dfcc7e8a8013bf1,c,50.4,0,40000,4,11.4,87.6,2026-09-21T23:00:58Z,/data/scrollagent/runs/rev1/c-stage-on-0139/log/chain-time-guarded-repeat-r4-c.txt,/data/scrollagent/runs/rev1/c-stage-on-0139/scratch/out/time-guarded/repeat-r4/C40
time-c2,c2,repeat,4,0e17e4c3e7120d6ca1a73b9df7bff0605c4f30b738db4b4d193cd330d5634009,c,53.8,0,40000,4,11.8,88.3,2026-09-21T23:02:01Z,/data/scrollagent/runs/rev1/c-stage-on-0139/log/chain-time-c2-repeat-r4-c.txt,/data/scrollagent/runs/rev1/c-stage-on-0139/scratch/out/time-c2/repeat-r4/C40
time-plain,plain,S,4,d59199492f4f33cb64e4ac6cb34a040484387b865b3028e3baa3775962b85e14,c,91.1,0,40000,4,1.1,89.7,2026-09-21T23:03:08Z,/data/scrollagent/runs/rev1/c-stage-on-0139/log/chain-time-plain-S-r4-c.txt,/data/scrollagent/runs/rev1/c-stage-on-0139/scratch/out/time-plain/S-r4/C40
time-guarded,guarded,S,4,339fd9349cc30668ec5d5ead765f8c8c9335c8d73b3f25005dfcc7e8a8013bf1,c,98.6,0,40000,4,3.3,85.8,2026-09-21T23:04:53Z,/data/scrollagent/runs/rev1/c-stage-on-0139/log/chain-time-guarded-S-r4-c.txt,/data/scrollagent/runs/rev1/c-stage-on-0139/scratch/out/time-guarded/S-r4/C40
time-c2,c2,S,4,0e17e4c3e7120d6ca1a73b9df7bff0605c4f30b738db4b4d193cd330d5634009,c,91.8,0,40000,4,1.1,91.1,2026-09-21T23:06:45Z,/data/scrollagent/runs/rev1/c-stage-on-0139/log/chain-time-c2-S-r4-c.txt,/data/scrollagent/runs/rev1/c-stage-on-0139/scratch/out/time-c2/S-r4/C40
time-plain,plain,D450,4,d59199492f4f33cb64e4ac6cb34a040484387b865b3028e3baa3775962b85e14,c,111.6,0,40000,4,1.1,91.8,2026-09-21T23:08:31Z,/data/scrollagent/runs/rev1/c-stage-on-0139/log/chain-time-plain-D450-r4-c.txt,/data/scrollagent/runs/rev1/c-stage-on-0139/scratch/out/time-plain/D450-r4/C40
time-guarded,guarded,D450,4,339fd9349cc30668ec5d5ead765f8c8c9335c8d73b3f25005dfcc7e8a8013bf1,c,117.1,0,40000,4,1.7,82.3,2026-09-21T23:10:36Z,/data/scrollagent/runs/rev1/c-stage-on-0139/log/chain-time-guarded-D450-r4-c.txt,/data/scrollagent/runs/rev1/c-stage-on-0139/scratch/out/time-guarded/D450-r4/C40
time-c2,c2,D450,4,0e17e4c3e7120d6ca1a73b9df7bff0605c4f30b738db4b4d193cd330d5634009,c,111.2,0,40000,4,0.0,107.6,2026-09-21T23:12:47Z,/data/scrollagent/runs/rev1/c-stage-on-0139/log/chain-time-c2-D450-r4-c.txt,/data/scrollagent/runs/rev1/c-stage-on-0139/scratch/out/time-c2/D450-r4/C40
time-plain,plain,C,4,d59199492f4f33cb64e4ac6cb34a040484387b865b3028e3baa3775962b85e14,c,73.2,0,40000,4,0.0,108.2,2026-09-21T23:14:52Z,/data/scrollagent/runs/rev1/c-stage-on-0139/log/chain-time-plain-C-r4-c.txt,/data/scrollagent/runs/rev1/c-stage-on-0139/scratch/out/time-plain/C-r4/C40
time-guarded,guarded,C,4,339fd9349cc30668ec5d5ead765f8c8c9335c8d73b3f25005dfcc7e8a8013bf1,c,91.6,0,40000,4,0.4,108.3,2026-09-21T23:16:19Z,/data/scrollagent/runs/rev1/c-stage-on-0139/log/chain-time-guarded-C-r4-c.txt,/data/scrollagent/runs/rev1/c-stage-on-0139/scratch/out/time-guarded/C-r4/C40
time-c2,c2,C,4,0e17e4c3e7120d6ca1a73b9df7bff0605c4f30b738db4b4d193cd330d5634009,c,68.5,0,40000,4,0.1,108.3,2026-09-21T23:18:04Z,/data/scrollagent/runs/rev1/c-stage-on-0139/log/chain-time-c2-C-r4-c.txt,/data/scrollagent/runs/rev1/c-stage-on-0139/scratch/out/time-c2/C-r4/C40
time-plain,plain,D150,4,d59199492f4f33cb64e4ac6cb34a040484387b865b3028e3baa3775962b85e14,c,108.4,0,40000,4,1.1,108.1,2026-09-21T23:19:26Z,/data/scrollagent/runs/rev1/c-stage-on-0139/log/chain-time-plain-D150-r4-c.txt,/data/scrollagent/runs/rev1/c-stage-on-0139/scratch/out/time-plain/D150-r4/C40
time-guarded,guarded,D150,4,339fd9349cc30668ec5d5ead765f8c8c9335c8d73b3f25005dfcc7e8a8013bf1,c,111.5,0,40000,4,1.1,98.1,2026-09-21T23:21:36Z,/data/scrollagent/runs/rev1/c-stage-on-0139/log/chain-time-guarded-D150-r4-c.txt,/data/scrollagent/runs/rev1/c-stage-on-0139/scratch/out/time-guarded/D150-r4/C40
time-c2,c2,D150,4,0e17e4c3e7120d6ca1a73b9df7bff0605c4f30b738db4b4d193cd330d5634009,c,83.7,0,40000,4,1.1,88.3,2026-09-21T23:23:40Z,/data/scrollagent/runs/rev1/c-stage-on-0139/log/chain-time-c2-D150-r4-c.txt,/data/scrollagent/runs/rev1/c-stage-on-0139/scratch/out/time-c2/D150-r4/C40
time-plain,plain,P2,4,d59199492f4f33cb64e4ac6cb34a040484387b865b3028e3baa3775962b85e14,c,114.4,0,40000,4,1.2,93.3,2026-09-21T23:25:18Z,/data/scrollagent/runs/rev1/c-stage-on-0139/log/chain-time-plain-P2-r4-c.txt,/data/scrollagent/runs/rev1/c-stage-on-0139/scratch/out/time-plain/P2-r4/C40
time-guarded,guarded,P2,4,339fd9349cc30668ec5d5ead765f8c8c9335c8d73b3f25005dfcc7e8a8013bf1,c,116.6,0,40000,4,0.1,108.2,2026-09-21T23:27:26Z,/data/scrollagent/runs/rev1/c-stage-on-0139/log/chain-time-guarded-P2-r4-c.txt,/data/scrollagent/runs/rev1/c-stage-on-0139/scratch/out/time-guarded/P2-r4/C40
time-c2,c2,P2,4,0e17e4c3e7120d6ca1a73b9df7bff0605c4f30b738db4b4d193cd330d5634009,c,99.0,0,40000,4,0.1,106.5,2026-09-21T23:29:36Z,/data/scrollagent/runs/rev1/c-stage-on-0139/log/chain-time-c2-P2-r4-c.txt,/data/scrollagent/runs/rev1/c-stage-on-0139/scratch/out/time-c2/P2-r4/C40
