# every file at the top of seed-search-1447/out/<attempt>/C40 as it stands today, before this study ran anything. attempt is the seed; file is the name; sha256 and bytes are of the file on disk; path is where it was read; taken_utc is the time from `date -u` when the reading started. missing-C40.txt is excluded: the zarr reader writes it from the state of the chunk cache, it is not an output of the chain. This is the reference every run of this study is compared against.
attempt,file,sha256,bytes,path,taken_utc
PHerc1447-seed01,alignmentorders.txt,bd3f515f28cb49c229dca7ad170a9fbe25dce72de5ef3b58f86f671e0a00aba4,500561,/data/scrollagent/runs/rev1/seed-search-1447/out/PHerc1447-seed01/C40/alignmentorders.txt,2026-09-21T15:22:26Z
PHerc1447-seed01,badbridgess_out.csv,e7251235d8df581ee8f982b04710259c6110c0c1eaa24aa4745f3db6914b7754,82,/data/scrollagent/runs/rev1/seed-search-1447/out/PHerc1447-seed01/C40/badbridgess_out.csv,2026-09-21T15:22:26Z
PHerc1447-seed01,badpatches.csv,ba4c85bff7b9d5ae4c1a78357ce6f261a26cf71772917e2948938a85d1e30cbe,9776,/data/scrollagent/runs/rev1/seed-search-1447/out/PHerc1447-seed01/C40/badpatches.csv,2026-09-21T15:22:26Z
PHerc1447-seed01,badpatchscores.csv,df81667c6854bcd6027e2ee49d52a5280148654c4086eba3801657dbe88496d5,19761094,/data/scrollagent/runs/rev1/seed-search-1447/out/PHerc1447-seed01/C40/badpatchscores.csv,2026-09-21T15:22:26Z
PHerc1447-seed01,neighbourss.csv,2c564f5eb94ca2fcd69ede336fb68487ec1d821e0e7d08155e696f7f2f92a289,74854,/data/scrollagent/runs/rev1/seed-search-1447/out/PHerc1447-seed01/C40/neighbourss.csv,2026-09-21T15:22:26Z
PHerc1447-seed01,patchPositions_0.txt,9cae0db7ecdf8e4e047d61735240ff75dd9dea053a2ee843db8b976dde719f98,28765,/data/scrollagent/runs/rev1/seed-search-1447/out/PHerc1447-seed01/C40/patchPositions_0.txt,2026-09-21T15:22:26Z
PHerc1447-seed01,patchPositions_1.txt,7aacb4d79742b42e71ca74203f44af666470c75d4a3fede3e67ee4654132f486,27473,/data/scrollagent/runs/rev1/seed-search-1447/out/PHerc1447-seed01/C40/patchPositions_1.txt,2026-09-21T15:22:26Z
PHerc1447-seed01,patchPositions_2.txt,026c05b1535f9fadea2e9855d45c88a90b483e9fc06cb717cbca03e0873827d8,17602,/data/scrollagent/runs/rev1/seed-search-1447/out/PHerc1447-seed01/C40/patchPositions_2.txt,2026-09-21T15:22:26Z
PHerc1447-seed01,patchPositions_3.txt,82c141520d5b5e55dccf156f2979bd8051fc7150624cd9b529b40a18a5721f5e,16534,/data/scrollagent/runs/rev1/seed-search-1447/out/PHerc1447-seed01/C40/patchPositions_3.txt,2026-09-21T15:22:26Z
PHerc1447-seed01,patchPositions_4.txt,0501b156793b5e19b3a081338090b38dc84f34ef8df87bd6de48f5291f49bac3,15496,/data/scrollagent/runs/rev1/seed-search-1447/out/PHerc1447-seed01/C40/patchPositions_4.txt,2026-09-21T15:22:26Z
PHerc1447-seed01,patchPositions_5.txt,3dce84b649d985b643365fae4cef049fe2676da23f47007e76b741f87b493509,15494,/data/scrollagent/runs/rev1/seed-search-1447/out/PHerc1447-seed01/C40/patchPositions_5.txt,2026-09-21T15:22:26Z
PHerc1447-seed01,patchPositions_6.txt,2f7a96bdaff8015ccd244f3a93c415160ae322767146472bb2c45117585ccd13,15389,/data/scrollagent/runs/rev1/seed-search-1447/out/PHerc1447-seed01/C40/patchPositions_6.txt,2026-09-21T15:22:26Z
PHerc1447-seed01,patchPositions_7.txt,a2620396271b7767cef210866d573c99f27f7ba66dadb47ca3d9c5716b27f839,12281,/data/scrollagent/runs/rev1/seed-search-1447/out/PHerc1447-seed01/C40/patchPositions_7.txt,2026-09-21T15:22:26Z
PHerc1447-seed01,patchPositions_8.txt,d90789a53ad72e8aac4fd68436c3ad080cb6cedccc1e262e898f79772c032388,11744,/data/scrollagent/runs/rev1/seed-search-1447/out/PHerc1447-seed01/C40/patchPositions_8.txt,2026-09-21T15:22:26Z
PHerc1447-seed01,patchPositions_9.txt,cc5e17cf6fd716a89b56436f0f83b27529728659c6bc34743748a689ad978b2a,11579,/data/scrollagent/runs/rev1/seed-search-1447/out/PHerc1447-seed01/C40/patchPositions_9.txt,2026-09-21T15:22:26Z
PHerc1447-seed01,patchVolCoords.csv,aef09c9d1c5e0200ce4c98c86638e5927019d140c887eaa4c47b0592f810d389,420789,/data/scrollagent/runs/rev1/seed-search-1447/out/PHerc1447-seed01/C40/patchVolCoords.csv,2026-09-21T15:22:26Z
PHerc1447-seed01,patch_0.bin,bd5a069ffabac2910946ffd5ebb48db6abd5658d4baa3f5d6a825eb1f3c107e6,21531260,/data/scrollagent/runs/rev1/seed-search-1447/out/PHerc1447-seed01/C40/patch_0.bin,2026-09-21T15:22:26Z
PHerc1447-seed01,patch_0_colours.csv,2c934c56008dc8c3a3925aff39274546ddb2e9eab67d352f346cfda5870299f5,12754028,/data/scrollagent/runs/rev1/seed-search-1447/out/PHerc1447-seed01/C40/patch_0_colours.csv,2026-09-21T15:22:26Z
PHerc1447-seed01,patch_1.bin,0eebd7f8953ec687f1bf2e6c3f343b57576993353e49550ddbb6af1b30192811,14531460,/data/scrollagent/runs/rev1/seed-search-1447/out/PHerc1447-seed01/C40/patch_1.bin,2026-09-21T15:22:26Z
PHerc1447-seed01,patch_1_colours.csv,39c778968aea4a0c3624192a24b37c0a056c20c83d24b521714fcf1a427bbad9,8064492,/data/scrollagent/runs/rev1/seed-search-1447/out/PHerc1447-seed01/C40/patch_1_colours.csv,2026-09-21T15:22:26Z
PHerc1447-seed01,patch_2.bin,67c0d675109c0ec82a92a026d77cecfb97c83589ad572e5cdb6af1cc6a8fff4f,14984840,/data/scrollagent/runs/rev1/seed-search-1447/out/PHerc1447-seed01/C40/patch_2.bin,2026-09-21T15:22:26Z
PHerc1447-seed01,patch_2_colours.csv,379b40fca4aeebea443eb333ac33aa9cb7d20ab8194264f55455dc676029dcf5,8972028,/data/scrollagent/runs/rev1/seed-search-1447/out/PHerc1447-seed01/C40/patch_2_colours.csv,2026-09-21T15:22:26Z
PHerc1447-seed01,patch_3.bin,4ec7f8c2d9e7687c0b187a506358e9f99677b3d8193307c9756742cb136e43cb,13474520,/data/scrollagent/runs/rev1/seed-search-1447/out/PHerc1447-seed01/C40/patch_3.bin,2026-09-21T15:22:26Z
PHerc1447-seed01,patch_3_colours.csv,d9f762ad341730cf52dfb9633b99624f4a37a239c800a981013f498c29c0db79,8066616,/data/scrollagent/runs/rev1/seed-search-1447/out/PHerc1447-seed01/C40/patch_3_colours.csv,2026-09-21T15:22:26Z
PHerc1447-seed01,patch_4.bin,f82bf7ab64e2e63356d53926d040dc1529fcbcc2fc23f6379ea07409144f59f5,11657320,/data/scrollagent/runs/rev1/seed-search-1447/out/PHerc1447-seed01/C40/patch_4.bin,2026-09-21T15:22:26Z
PHerc1447-seed01,patch_4_colours.csv,24204b6db6ea777c040fcf0af1c9a177743e9dc28c1afaefd495ea06ee4fc809,6947558,/data/scrollagent/runs/rev1/seed-search-1447/out/PHerc1447-seed01/C40/patch_4_colours.csv,2026-09-21T15:22:26Z
PHerc1447-seed01,patch_5.bin,3bf5efb1553731287801ce1f29afb14a2d55127239a437198d50952376cc490d,12633300,/data/scrollagent/runs/rev1/seed-search-1447/out/PHerc1447-seed01/C40/patch_5.bin,2026-09-21T15:22:26Z
PHerc1447-seed01,patch_5_colours.csv,235c8733a80439aa30e61b3230c8ef318e382c12b81d6f4c0d6e4d700f8ac39c,7554704,/data/scrollagent/runs/rev1/seed-search-1447/out/PHerc1447-seed01/C40/patch_5_colours.csv,2026-09-21T15:22:26Z
PHerc1447-seed01,patch_6.bin,d8108f646e7fad34f75640524e8b414d22742f2d2e7329527fba92e2c9b6ee74,9573760,/data/scrollagent/runs/rev1/seed-search-1447/out/PHerc1447-seed01/C40/patch_6.bin,2026-09-21T15:22:26Z
PHerc1447-seed01,patch_6_colours.csv,5d2d1569654c72a54f91686e52f0097bb785e1d87c31037b36390af679e8b4d4,5714554,/data/scrollagent/runs/rev1/seed-search-1447/out/PHerc1447-seed01/C40/patch_6_colours.csv,2026-09-21T15:22:26Z
PHerc1447-seed01,patch_7.bin,a6964c46aaf4fc27d8087fa03320bb967129e9cefea9b4a76143532b7be56ab7,12291360,/data/scrollagent/runs/rev1/seed-search-1447/out/PHerc1447-seed01/C40/patch_7.bin,2026-09-21T15:22:26Z
PHerc1447-seed01,patch_7_colours.csv,056b9367dcf3a02608b9d34ab44c45d7fd4a5f57d2306a34df7e39729ebd6160,7307392,/data/scrollagent/runs/rev1/seed-search-1447/out/PHerc1447-seed01/C40/patch_7_colours.csv,2026-09-21T15:22:26Z
PHerc1447-seed01,patch_8.bin,d00356784760f26f35665662f1778074fe07179833e269f5b48fdc7299c50839,8188400,/data/scrollagent/runs/rev1/seed-search-1447/out/PHerc1447-seed01/C40/patch_8.bin,2026-09-21T15:22:26Z
PHerc1447-seed01,patch_8_colours.csv,5501f2ab34a9aa51b0b4ec85a19c883f1694ac49c8819c0a9b82839421dba5ff,4869438,/data/scrollagent/runs/rev1/seed-search-1447/out/PHerc1447-seed01/C40/patch_8_colours.csv,2026-09-21T15:22:26Z
PHerc1447-seed01,patch_9.bin,3842cc31d469c7a61948687793fa8bfcf7e3592e1c09ff3a19559dc306c1c4b5,7848980,/data/scrollagent/runs/rev1/seed-search-1447/out/PHerc1447-seed01/C40/patch_9.bin,2026-09-21T15:22:26Z
PHerc1447-seed01,patch_9_colours.csv,b6b1acb6d97b4a03dcaa6b8fff21865c04c8af3a245561fff6e32e4b2492dd37,4677254,/data/scrollagent/runs/rev1/seed-search-1447/out/PHerc1447-seed01/C40/patch_9_colours.csv,2026-09-21T15:22:26Z
PHerc1447-seed01,patchorder.csv,137a8a2b64c564ae73b2a6a7ae70b01d0be0964afe985f0b4cee57def4ae43be,1074,/data/scrollagent/runs/rev1/seed-search-1447/out/PHerc1447-seed01/C40/patchorder.csv,2026-09-21T15:22:26Z
PHerc1447-seed01,patchorders.csv,a22a3f3e72168a6e530d094ac3489ca058bcafb8031ed9ba943ba9cd063b8c13,15190,/data/scrollagent/runs/rev1/seed-search-1447/out/PHerc1447-seed01/C40/patchorders.csv,2026-09-21T15:22:26Z
PHerc1447-seed01,rel.csv,e22a9a466c11036f87aa2f22fc0d0f4c6121d5cbccd598878f1f1c3a58a144bd,4345821,/data/scrollagent/runs/rev1/seed-search-1447/out/PHerc1447-seed01/C40/rel.csv,2026-09-21T15:22:26Z
PHerc1447-seed15,alignmentorders.txt,fb0fdb7a687128db542589c08732be16e3f31a20755fba4f57d5e46cf6f9b15d,693970,/data/scrollagent/runs/rev1/seed-search-1447/out/PHerc1447-seed15/C40/alignmentorders.txt,2026-09-21T15:22:26Z
PHerc1447-seed15,badbridgess_out.csv,f13b82804cdc5b5373657360a91fdc8cff13c5a47c60331069d89f4a276a939c,57,/data/scrollagent/runs/rev1/seed-search-1447/out/PHerc1447-seed15/C40/badbridgess_out.csv,2026-09-21T15:22:26Z
PHerc1447-seed15,badpatches.csv,0137002ba81b2cf659565600167937670a5efbc3594d9be91e28a9c4eb4fbe55,9563,/data/scrollagent/runs/rev1/seed-search-1447/out/PHerc1447-seed15/C40/badpatches.csv,2026-09-21T15:22:26Z
PHerc1447-seed15,badpatchscores.csv,f9f23244f81cbbfb233db3d77641c5cf891bf5e5a5f33014c29d730f5ac24cd6,22582200,/data/scrollagent/runs/rev1/seed-search-1447/out/PHerc1447-seed15/C40/badpatchscores.csv,2026-09-21T15:22:26Z
PHerc1447-seed15,neighbourss.csv,28ad0739b6be6f44ee620e30c044f02ec7542e5c2b758fe0c3088af79a0a0233,103380,/data/scrollagent/runs/rev1/seed-search-1447/out/PHerc1447-seed15/C40/neighbourss.csv,2026-09-21T15:22:26Z
PHerc1447-seed15,patchPositions_0.txt,ede003860003f1281e832469c42275c26623fbe0642214415645a15db3b63142,53282,/data/scrollagent/runs/rev1/seed-search-1447/out/PHerc1447-seed15/C40/patchPositions_0.txt,2026-09-21T15:22:26Z
PHerc1447-seed15,patchPositions_1.txt,5a56701c39865dabb184d2fac362d11ba678fce5706e93034275b8395c10f308,34876,/data/scrollagent/runs/rev1/seed-search-1447/out/PHerc1447-seed15/C40/patchPositions_1.txt,2026-09-21T15:22:26Z
PHerc1447-seed15,patchPositions_2.txt,07493b990dd0d5e591baf8ab47654b2413e343bdf0a8cfa2c76d3bb89b7bf02b,30126,/data/scrollagent/runs/rev1/seed-search-1447/out/PHerc1447-seed15/C40/patchPositions_2.txt,2026-09-21T15:22:26Z
PHerc1447-seed15,patchPositions_3.txt,e30a96f9205dfa46663f3b788b91e988580d2606e4404d6bc0e9f4f6e27bdc8b,22959,/data/scrollagent/runs/rev1/seed-search-1447/out/PHerc1447-seed15/C40/patchPositions_3.txt,2026-09-21T15:22:26Z
PHerc1447-seed15,patchPositions_4.txt,8d3cb59d38b5e36f9262c2c0fa5f9e8f375001cb0f9f9dca2e158a5754b51d0c,21874,/data/scrollagent/runs/rev1/seed-search-1447/out/PHerc1447-seed15/C40/patchPositions_4.txt,2026-09-21T15:22:26Z
PHerc1447-seed15,patchPositions_5.txt,af918f844fc37757c13db471cedb1a709f6420868e96a82db298e2e0c79236d1,17849,/data/scrollagent/runs/rev1/seed-search-1447/out/PHerc1447-seed15/C40/patchPositions_5.txt,2026-09-21T15:22:26Z
PHerc1447-seed15,patchPositions_6.txt,d6848077b9b8aa3d030febc3eaaa852b03b0ba97b337a985d46940b8b09ba53f,15394,/data/scrollagent/runs/rev1/seed-search-1447/out/PHerc1447-seed15/C40/patchPositions_6.txt,2026-09-21T15:22:26Z
PHerc1447-seed15,patchPositions_7.txt,e968ab871b296c535fd04106bd7f1081252cabcb26720fa693b222791757330d,13299,/data/scrollagent/runs/rev1/seed-search-1447/out/PHerc1447-seed15/C40/patchPositions_7.txt,2026-09-21T15:22:26Z
PHerc1447-seed15,patchPositions_8.txt,eea36a78beb5b7608420f414e2f3b3ec8dbcd4ea3fd17af45808b62175bc062a,10583,/data/scrollagent/runs/rev1/seed-search-1447/out/PHerc1447-seed15/C40/patchPositions_8.txt,2026-09-21T15:22:26Z
PHerc1447-seed15,patchPositions_9.txt,2084e9823f5ab4f9a9169f89f0f6f235a8e1be85080729fc830069c1477c3245,10464,/data/scrollagent/runs/rev1/seed-search-1447/out/PHerc1447-seed15/C40/patchPositions_9.txt,2026-09-21T15:22:26Z
PHerc1447-seed15,patchVolCoords.csv,14136608da2adf483b6642f2458c319f6eb221136e6fbe9dd42ab13cc841f93a,434402,/data/scrollagent/runs/rev1/seed-search-1447/out/PHerc1447-seed15/C40/patchVolCoords.csv,2026-09-21T15:22:26Z
PHerc1447-seed15,patch_0.bin,6781f289c8adacee2e92978ceb8d819dc8081b27ed9c46cbfbb83bb578f0bf48,27684500,/data/scrollagent/runs/rev1/seed-search-1447/out/PHerc1447-seed15/C40/patch_0.bin,2026-09-21T15:22:26Z
PHerc1447-seed15,patch_0_colours.csv,c49823ac478348e508059ae63db017a538a6358dc035bec91c732718b223cedf,14975494,/data/scrollagent/runs/rev1/seed-search-1447/out/PHerc1447-seed15/C40/patch_0_colours.csv,2026-09-21T15:22:26Z
PHerc1447-seed15,patch_1.bin,143ccc99daa27b5f86994d4edf27a188cb827dcaf5061a8a28b0c652d00c3298,15891340,/data/scrollagent/runs/rev1/seed-search-1447/out/PHerc1447-seed15/C40/patch_1.bin,2026-09-21T15:22:26Z
PHerc1447-seed15,patch_1_colours.csv,938fecfb99676169821836e1065c704932a7cc46abfa2b900153b8b51e201a5f,9035802,/data/scrollagent/runs/rev1/seed-search-1447/out/PHerc1447-seed15/C40/patch_1_colours.csv,2026-09-21T15:22:26Z
PHerc1447-seed15,patch_2.bin,9490fca053fb17de04a87ff38776a1c51e1c647ff0c313bcd11b4a223b6a3981,19382540,/data/scrollagent/runs/rev1/seed-search-1447/out/PHerc1447-seed15/C40/patch_2.bin,2026-09-21T15:22:26Z
PHerc1447-seed15,patch_2_colours.csv,ce46f4e34da45a2846a197ae85a2dae83336454a7e64a0a796a04d164aa923ae,10675564,/data/scrollagent/runs/rev1/seed-search-1447/out/PHerc1447-seed15/C40/patch_2_colours.csv,2026-09-21T15:22:26Z
PHerc1447-seed15,patch_3.bin,4528b03fa2a086cf6fd69087cca3ea66d140402bdb2f6d6ffd0f930143c9ffc0,10908600,/data/scrollagent/runs/rev1/seed-search-1447/out/PHerc1447-seed15/C40/patch_3.bin,2026-09-21T15:22:26Z
PHerc1447-seed15,patch_3_colours.csv,55ae0f09d95a3c5a83044757eabb1128ebd95637a32a514dc8da35e6e8b3f92d,5908886,/data/scrollagent/runs/rev1/seed-search-1447/out/PHerc1447-seed15/C40/patch_3_colours.csv,2026-09-21T15:22:26Z
PHerc1447-seed15,patch_4.bin,9c7704f7f9113ec52473f060a214cb6b0958273eabe9fe225dfdc46a598fecf3,21647700,/data/scrollagent/runs/rev1/seed-search-1447/out/PHerc1447-seed15/C40/patch_4.bin,2026-09-21T15:22:26Z
PHerc1447-seed15,patch_4_colours.csv,9f55ee7315b663da6b55eab308cd86998467fb8da351e3794687fc91a7a4abcd,12931182,/data/scrollagent/runs/rev1/seed-search-1447/out/PHerc1447-seed15/C40/patch_4_colours.csv,2026-09-21T15:22:26Z
PHerc1447-seed15,patch_5.bin,cfffff9be985b5cbf2840206d624488db28f148635913fb26e6e20335eefc7c9,13941620,/data/scrollagent/runs/rev1/seed-search-1447/out/PHerc1447-seed15/C40/patch_5.bin,2026-09-21T15:22:26Z
PHerc1447-seed15,patch_5_colours.csv,fd6b9bd2f55a212b3f5e989107f391538a7a9f51ea729ba2f4b23175c01e28c5,8331024,/data/scrollagent/runs/rev1/seed-search-1447/out/PHerc1447-seed15/C40/patch_5_colours.csv,2026-09-21T15:22:26Z
PHerc1447-seed15,patch_6.bin,5270d4e313e18e38e0546ba18c53f31f40f70da622b0498a3d13e53e5b006b77,13103440,/data/scrollagent/runs/rev1/seed-search-1447/out/PHerc1447-seed15/C40/patch_6.bin,2026-09-21T15:22:26Z
PHerc1447-seed15,patch_6_colours.csv,e69cc6666cadd5fb540ed6da28bf0c2e2ddcf69e8a1313d5c36825f00df280f4,7829946,/data/scrollagent/runs/rev1/seed-search-1447/out/PHerc1447-seed15/C40/patch_6_colours.csv,2026-09-21T15:22:26Z
PHerc1447-seed15,patch_7.bin,80e9528677b02566eb0492289259314266eca7615b1c4bbe2aa1c5c3466c3d74,11741200,/data/scrollagent/runs/rev1/seed-search-1447/out/PHerc1447-seed15/C40/patch_7.bin,2026-09-21T15:22:26Z
PHerc1447-seed15,patch_7_colours.csv,8e7010a63465eebb1fc4373fe96e5dc45b49a1e0af1147665eaa2bb965011e8f,7026642,/data/scrollagent/runs/rev1/seed-search-1447/out/PHerc1447-seed15/C40/patch_7_colours.csv,2026-09-21T15:22:26Z
PHerc1447-seed15,patch_8.bin,18d13e5e89e0ccdd3a7319030d81620cd6ebb7746fef8fb029f7b6f0c6fb01be,12246560,/data/scrollagent/runs/rev1/seed-search-1447/out/PHerc1447-seed15/C40/patch_8.bin,2026-09-21T15:22:26Z
PHerc1447-seed15,patch_8_colours.csv,ab40bfc3551848e0acac81db2008e5745007b3793c78f7217506ff18cd7bf7a3,7323924,/data/scrollagent/runs/rev1/seed-search-1447/out/PHerc1447-seed15/C40/patch_8_colours.csv,2026-09-21T15:22:26Z
PHerc1447-seed15,patch_9.bin,05d204d212cd09eb584d116b95be25080b998555e7b00793922c74dfbbeb8440,7657220,/data/scrollagent/runs/rev1/seed-search-1447/out/PHerc1447-seed15/C40/patch_9.bin,2026-09-21T15:22:26Z
PHerc1447-seed15,patch_9_colours.csv,e4f02a0e6971b5164ffd99709a96dec9ccb52b2d21da6a45a82dfe19307e8269,4567764,/data/scrollagent/runs/rev1/seed-search-1447/out/PHerc1447-seed15/C40/patch_9_colours.csv,2026-09-21T15:22:26Z
PHerc1447-seed15,patchorder.csv,bf00e80c881335f21e47fc3114b00202208017583d4b2a363b298f10c194a519,889,/data/scrollagent/runs/rev1/seed-search-1447/out/PHerc1447-seed15/C40/patchorder.csv,2026-09-21T15:22:26Z
PHerc1447-seed15,patchorders.csv,a30efddc1960e2ff1742bed53e3f1b0a392a652d4c6b7cb3d2c88f639bb12c4e,20285,/data/scrollagent/runs/rev1/seed-search-1447/out/PHerc1447-seed15/C40/patchorders.csv,2026-09-21T15:22:26Z
PHerc1447-seed15,rel.csv,ee697b01021c10490665135695c2efc62167bea84825ccb0a865722f0ee16a06,4517464,/data/scrollagent/runs/rev1/seed-search-1447/out/PHerc1447-seed15/C40/rel.csv,2026-09-21T15:22:26Z
PHerc1447-seed26,alignmentorders.txt,acd6eb75c06bba939a2786cf006eac65144ec3a790dbfef4ebf8cdad4dc53763,632032,/data/scrollagent/runs/rev1/seed-search-1447/out/PHerc1447-seed26/C40/alignmentorders.txt,2026-09-21T15:22:26Z
PHerc1447-seed26,badbridgess_out.csv,32f2411a9b37894c9827668222d13471b21b3e6f6e5efc0e315aa356a47b253a,40,/data/scrollagent/runs/rev1/seed-search-1447/out/PHerc1447-seed26/C40/badbridgess_out.csv,2026-09-21T15:22:26Z
PHerc1447-seed26,badpatches.csv,727973f89d6b932091924cc2718fe421886184d160f3a80380cc090e3a35a0eb,8330,/data/scrollagent/runs/rev1/seed-search-1447/out/PHerc1447-seed26/C40/badpatches.csv,2026-09-21T15:22:26Z
PHerc1447-seed26,badpatchscores.csv,61db6a29dd0dab839689ce7e7f022cdfd3295c6a1dfbe0c6499fa2e3d2975e45,15115981,/data/scrollagent/runs/rev1/seed-search-1447/out/PHerc1447-seed26/C40/badpatchscores.csv,2026-09-21T15:22:26Z
PHerc1447-seed26,neighbourss.csv,cac50e87a13c4641131a215028dcb80c796ad59d2f939dcdd267b8d509d0bc7e,93847,/data/scrollagent/runs/rev1/seed-search-1447/out/PHerc1447-seed26/C40/neighbourss.csv,2026-09-21T15:22:26Z
PHerc1447-seed26,patchPositions_0.txt,3c645f73cab23f81422ae1c41941a9053afa1796594303e264f8e59bb1ad530c,41522,/data/scrollagent/runs/rev1/seed-search-1447/out/PHerc1447-seed26/C40/patchPositions_0.txt,2026-09-21T15:22:26Z
PHerc1447-seed26,patchPositions_1.txt,a9fc26f0dc66a2d4ba714e035427c8c327387a3f00acb1a7d3af4c70c2e0da56,32767,/data/scrollagent/runs/rev1/seed-search-1447/out/PHerc1447-seed26/C40/patchPositions_1.txt,2026-09-21T15:22:26Z
PHerc1447-seed26,patchPositions_2.txt,8f8d1a1d5909db4a9b6a12dd4e225f081d54ae2de3c2c82c8e9f288f3dfd8d70,28515,/data/scrollagent/runs/rev1/seed-search-1447/out/PHerc1447-seed26/C40/patchPositions_2.txt,2026-09-21T15:22:26Z
PHerc1447-seed26,patchPositions_3.txt,35aa1b89d9df96337a4130eff64a2a19e622686f4aaa4fc2ffb01c7b48684dff,27514,/data/scrollagent/runs/rev1/seed-search-1447/out/PHerc1447-seed26/C40/patchPositions_3.txt,2026-09-21T15:22:26Z
PHerc1447-seed26,patchPositions_4.txt,c39c872d9d893700103b99b9bc4428959fdad5c8af0e40dbf5f11b5eea011f6f,27881,/data/scrollagent/runs/rev1/seed-search-1447/out/PHerc1447-seed26/C40/patchPositions_4.txt,2026-09-21T15:22:26Z
PHerc1447-seed26,patchPositions_5.txt,f45e86f1da16870153d7d867802f1ad1bfd8858e6596a85e1eaf7058dc50a06f,20130,/data/scrollagent/runs/rev1/seed-search-1447/out/PHerc1447-seed26/C40/patchPositions_5.txt,2026-09-21T15:22:26Z
PHerc1447-seed26,patchPositions_6.txt,2c1f04371f4b4b7a10e68f6abee7a575bd973a2fdc5ae6f2580e85b65652a9b5,16059,/data/scrollagent/runs/rev1/seed-search-1447/out/PHerc1447-seed26/C40/patchPositions_6.txt,2026-09-21T15:22:26Z
PHerc1447-seed26,patchPositions_7.txt,353e0e1df6522a893efee3311f29089f10ac01fc0afe17c2576c8ab92f3d4ba9,10160,/data/scrollagent/runs/rev1/seed-search-1447/out/PHerc1447-seed26/C40/patchPositions_7.txt,2026-09-21T15:22:26Z
PHerc1447-seed26,patchPositions_8.txt,428be92f8b7cd3c9d83fba290755ad33411239f85a1f86dc723199cb05589179,8942,/data/scrollagent/runs/rev1/seed-search-1447/out/PHerc1447-seed26/C40/patchPositions_8.txt,2026-09-21T15:22:26Z
PHerc1447-seed26,patchPositions_9.txt,c8b58b238494deab7ffcb41215c0769b8f45fdd89dbf251f645acc6a9360ae52,8842,/data/scrollagent/runs/rev1/seed-search-1447/out/PHerc1447-seed26/C40/patchPositions_9.txt,2026-09-21T15:22:26Z
PHerc1447-seed26,patchVolCoords.csv,56fb4d98d2325c8f40f8544e226c59fd8fe6848782386bee256c516e9b111a70,362909,/data/scrollagent/runs/rev1/seed-search-1447/out/PHerc1447-seed26/C40/patchVolCoords.csv,2026-09-21T15:22:26Z
PHerc1447-seed26,patch_0.bin,af7f20ca2b3a59f1c65e807066b08fa97562c8447c5addc9b97863e13426b8d3,27730620,/data/scrollagent/runs/rev1/seed-search-1447/out/PHerc1447-seed26/C40/patch_0.bin,2026-09-21T15:22:26Z
PHerc1447-seed26,patch_0_colours.csv,bc9ee50fc45bd632988eae7e6e4969b4b69560f233923de0b9f830ce7cf5310c,16546790,/data/scrollagent/runs/rev1/seed-search-1447/out/PHerc1447-seed26/C40/patch_0_colours.csv,2026-09-21T15:22:26Z
PHerc1447-seed26,patch_1.bin,242d6fbd34ad19f5ce098d52d6fbaac33b76afd1a6a2bcae1dcaa9f990fca619,16413740,/data/scrollagent/runs/rev1/seed-search-1447/out/PHerc1447-seed26/C40/patch_1.bin,2026-09-21T15:22:26Z
PHerc1447-seed26,patch_1_colours.csv,88a521c52a3b859a715496feda14d7c839f075826305a8eff7aa98465ef21c03,9515128,/data/scrollagent/runs/rev1/seed-search-1447/out/PHerc1447-seed26/C40/patch_1_colours.csv,2026-09-21T15:22:26Z
PHerc1447-seed26,patch_2.bin,b6066c8bbad8576054482c1e34c710e44809d3ee6a987e929337d566c9d2f1f9,14895440,/data/scrollagent/runs/rev1/seed-search-1447/out/PHerc1447-seed26/C40/patch_2.bin,2026-09-21T15:22:26Z
PHerc1447-seed26,patch_2_colours.csv,b1b051c7a1997db8088d8fcdc3aef843bd1b07c92f66329a33368bfe06c2e7cb,7961876,/data/scrollagent/runs/rev1/seed-search-1447/out/PHerc1447-seed26/C40/patch_2_colours.csv,2026-09-21T15:22:26Z
PHerc1447-seed26,patch_3.bin,a87dce54805c0f0e9dcc6e1759db7cd22e07b406571c6cc002ca45fe99886ed1,9861540,/data/scrollagent/runs/rev1/seed-search-1447/out/PHerc1447-seed26/C40/patch_3.bin,2026-09-21T15:22:26Z
PHerc1447-seed26,patch_3_colours.csv,c4b27bfc717ce53b09ed0fc0422cbbe94fe2b5bc0b50e040e674f9add06e22d4,5822228,/data/scrollagent/runs/rev1/seed-search-1447/out/PHerc1447-seed26/C40/patch_3_colours.csv,2026-09-21T15:22:26Z
PHerc1447-seed26,patch_4.bin,b266e7bc85fc724e5a0747c3eff67614c8ffac0fadee0914527e7a0abaf8d02a,14375860,/data/scrollagent/runs/rev1/seed-search-1447/out/PHerc1447-seed26/C40/patch_4.bin,2026-09-21T15:22:26Z
PHerc1447-seed26,patch_4_colours.csv,4bbf38659b04c5bf3c2854877497928b868e86fe1b4005a7a208b1003c92a176,8152612,/data/scrollagent/runs/rev1/seed-search-1447/out/PHerc1447-seed26/C40/patch_4_colours.csv,2026-09-21T15:22:26Z
PHerc1447-seed26,patch_5.bin,e2702519fae969d1e2c4ea4716aeec9ca4cfa6895bb2ad3af8a306316a733369,13053980,/data/scrollagent/runs/rev1/seed-search-1447/out/PHerc1447-seed26/C40/patch_5.bin,2026-09-21T15:22:26Z
PHerc1447-seed26,patch_5_colours.csv,329725977aad776ae29c68b56e3fedd0fdb3fb936b9447e15dbf4f78fd2be654,7793232,/data/scrollagent/runs/rev1/seed-search-1447/out/PHerc1447-seed26/C40/patch_5_colours.csv,2026-09-21T15:22:26Z
PHerc1447-seed26,patch_6.bin,4697adc928435592841181edb493063cbc79267eec21533dd44450625a4e7ddd,9221340,/data/scrollagent/runs/rev1/seed-search-1447/out/PHerc1447-seed26/C40/patch_6.bin,2026-09-21T15:22:26Z
PHerc1447-seed26,patch_6_colours.csv,77a472bfc4b4d3017600fd226ecbd5525b7a180730dce645eb6ab2f060e28da9,5508916,/data/scrollagent/runs/rev1/seed-search-1447/out/PHerc1447-seed26/C40/patch_6_colours.csv,2026-09-21T15:22:26Z
PHerc1447-seed26,patch_7.bin,c60b0aa6258a3c432ce5cd6cd88fa7b6172b80b79461ed480c7dac0f0697bbe5,5653420,/data/scrollagent/runs/rev1/seed-search-1447/out/PHerc1447-seed26/C40/patch_7.bin,2026-09-21T15:22:26Z
PHerc1447-seed26,patch_7_colours.csv,82b3cf1cabcb0fcfa35cc2a7bffdc136156cf1f8bc7b83192064ae2ace699958,3382720,/data/scrollagent/runs/rev1/seed-search-1447/out/PHerc1447-seed26/C40/patch_7_colours.csv,2026-09-21T15:22:26Z
PHerc1447-seed26,patch_8.bin,452b8757ffeb078677033c1ca17e0346913d80354f4fbcac0f0f8b50ad7533df,5174680,/data/scrollagent/runs/rev1/seed-search-1447/out/PHerc1447-seed26/C40/patch_8.bin,2026-09-21T15:22:26Z
PHerc1447-seed26,patch_8_colours.csv,a358b5fd6314173c7c679cbc47b5f0c9015711dfab30b62a301ce2fdbdde8fd3,3080826,/data/scrollagent/runs/rev1/seed-search-1447/out/PHerc1447-seed26/C40/patch_8_colours.csv,2026-09-21T15:22:26Z
PHerc1447-seed26,patch_9.bin,7c3edb3df7a0b2ed32769905538a1049ac09dca42ea78ad65389534a8088378d,5223280,/data/scrollagent/runs/rev1/seed-search-1447/out/PHerc1447-seed26/C40/patch_9.bin,2026-09-21T15:22:26Z
PHerc1447-seed26,patch_9_colours.csv,262dc6d03d5c725403c830581db9e9d1d1fdee305ec10f409338a320a6e0a8f5,3112866,/data/scrollagent/runs/rev1/seed-search-1447/out/PHerc1447-seed26/C40/patch_9_colours.csv,2026-09-21T15:22:26Z
PHerc1447-seed26,patchorder.csv,b7b0faa9701a7cb1d0853553ce91458567e32b025774bec9ccfcd60ae5be1f15,822,/data/scrollagent/runs/rev1/seed-search-1447/out/PHerc1447-seed26/C40/patchorder.csv,2026-09-21T15:22:26Z
PHerc1447-seed26,patchorders.csv,26ce31c94f98c3e6823fbd53905c6e5c1224882d0c6df9445009bde9a04b47b9,19349,/data/scrollagent/runs/rev1/seed-search-1447/out/PHerc1447-seed26/C40/patchorders.csv,2026-09-21T15:22:26Z
PHerc1447-seed26,rel.csv,2b90bd61e3f0c2cc12ee7bb970bd65806860afd003069f64b8ec88605962aacc,3662584,/data/scrollagent/runs/rev1/seed-search-1447/out/PHerc1447-seed26/C40/rel.csv,2026-09-21T15:22:26Z
PHerc1447-seed38,alignmentorders.txt,8b6c1b583e150cbc8328690c07ff86d0328c2433ef8c49c82550e70365e2eee1,52879,/data/scrollagent/runs/rev1/seed-search-1447/out/PHerc1447-seed38/C40/alignmentorders.txt,2026-09-21T15:22:26Z
PHerc1447-seed38,badbridgess_out.csv,32f2411a9b37894c9827668222d13471b21b3e6f6e5efc0e315aa356a47b253a,40,/data/scrollagent/runs/rev1/seed-search-1447/out/PHerc1447-seed38/C40/badbridgess_out.csv,2026-09-21T15:22:26Z
PHerc1447-seed38,badpatches.csv,2c0857f638767351e29f1c38708a2384441614e84efe8b4088980a46a72a3363,104444,/data/scrollagent/runs/rev1/seed-search-1447/out/PHerc1447-seed38/C40/badpatches.csv,2026-09-21T15:22:26Z
PHerc1447-seed38,badpatchscores.csv,0dc917db8ee8a43024798de9addfe72961a8452f2bf9a469432e952f0035dcb8,7360729,/data/scrollagent/runs/rev1/seed-search-1447/out/PHerc1447-seed38/C40/badpatchscores.csv,2026-09-21T15:22:26Z
PHerc1447-seed38,neighbourss.csv,d2adfe4453c521d09753e4dcfa1189b58b196b36910d422fd75acfddb1a35470,8373,/data/scrollagent/runs/rev1/seed-search-1447/out/PHerc1447-seed38/C40/neighbourss.csv,2026-09-21T15:22:26Z
PHerc1447-seed38,patchPositions_0.txt,09b44c3d821051d7e243d663b9a2afccc6a2e90c6243afeb63045ddc4e5ae3e3,5117,/data/scrollagent/runs/rev1/seed-search-1447/out/PHerc1447-seed38/C40/patchPositions_0.txt,2026-09-21T15:22:26Z
PHerc1447-seed38,patchPositions_1.txt,b7356a70e23f16485a398f5856de8ceefb589bb5f71ef1121d484415a8fe60a8,3260,/data/scrollagent/runs/rev1/seed-search-1447/out/PHerc1447-seed38/C40/patchPositions_1.txt,2026-09-21T15:22:26Z
PHerc1447-seed38,patchPositions_2.txt,d1004b68dba7f98ec3932eb4e67a46467b9aa6464b1ca4a3c438781dccc1c9cd,3171,/data/scrollagent/runs/rev1/seed-search-1447/out/PHerc1447-seed38/C40/patchPositions_2.txt,2026-09-21T15:22:26Z
PHerc1447-seed38,patchPositions_3.txt,05ec4a311296d731620a2d39375af9f59f6fe5f9b3e5c287c64eb92bfda7e1d5,3025,/data/scrollagent/runs/rev1/seed-search-1447/out/PHerc1447-seed38/C40/patchPositions_3.txt,2026-09-21T15:22:26Z
PHerc1447-seed38,patchPositions_4.txt,167595a2f84fa61cb91e5498d7fe6385962511dafa68df8584524ff6bef93da5,2269,/data/scrollagent/runs/rev1/seed-search-1447/out/PHerc1447-seed38/C40/patchPositions_4.txt,2026-09-21T15:22:26Z
PHerc1447-seed38,patchPositions_5.txt,a6e0274d826bb8f26a067231fbe9e1a85bd07d1de5f3f4ca9e814aea535035c5,1423,/data/scrollagent/runs/rev1/seed-search-1447/out/PHerc1447-seed38/C40/patchPositions_5.txt,2026-09-21T15:22:26Z
PHerc1447-seed38,patchPositions_6.txt,041176f93eef28755d6fd7785425399a09f1d3b4a5fd8d5f4bdb60be1e8e1b99,1358,/data/scrollagent/runs/rev1/seed-search-1447/out/PHerc1447-seed38/C40/patchPositions_6.txt,2026-09-21T15:22:26Z
PHerc1447-seed38,patchPositions_7.txt,398fa6a1ff9640954ee88843afd29070d84760ab7cb88bcde72f281f2bc93d30,1247,/data/scrollagent/runs/rev1/seed-search-1447/out/PHerc1447-seed38/C40/patchPositions_7.txt,2026-09-21T15:22:26Z
PHerc1447-seed38,patchPositions_8.txt,4e165fa34a6e923b3c5d88c8fe3ad6261d8ef319ad5c1f6288039e55195b75be,1113,/data/scrollagent/runs/rev1/seed-search-1447/out/PHerc1447-seed38/C40/patchPositions_8.txt,2026-09-21T15:22:26Z
PHerc1447-seed38,patchPositions_9.txt,f61172365a431c03cd221af6f6b444f82c4abf4552e2cc46d8bc47c130760f1f,1028,/data/scrollagent/runs/rev1/seed-search-1447/out/PHerc1447-seed38/C40/patchPositions_9.txt,2026-09-21T15:22:26Z
PHerc1447-seed38,patchVolCoords.csv,4d79ca6029f05a27f1a265b94c6e165ba3085bb8921d86d91630630c9e7341e3,847709,/data/scrollagent/runs/rev1/seed-search-1447/out/PHerc1447-seed38/C40/patchVolCoords.csv,2026-09-21T15:22:26Z
PHerc1447-seed38,patch_0.bin,f3680467e56d6b94a2f92ae83b241b0633fb0df4e197b9785a55e939065b05fc,10089660,/data/scrollagent/runs/rev1/seed-search-1447/out/PHerc1447-seed38/C40/patch_0.bin,2026-09-21T15:22:26Z
PHerc1447-seed38,patch_0_colours.csv,bebd9f5bab6d265dd2d47da9a20db79daba821541bd8ee4268a97366d6e49b35,6005640,/data/scrollagent/runs/rev1/seed-search-1447/out/PHerc1447-seed38/C40/patch_0_colours.csv,2026-09-21T15:22:26Z
PHerc1447-seed38,patch_1.bin,c4737c1f1971cf40de8e7f2856e472d13cd94383ed3460e139709b381950eb26,4108480,/data/scrollagent/runs/rev1/seed-search-1447/out/PHerc1447-seed38/C40/patch_1.bin,2026-09-21T15:22:26Z
PHerc1447-seed38,patch_1_colours.csv,2757f0e6ad1be5b9f36a024c66f92f7dbf2b856e533a6a6c0e3467b95c9c1aa9,2455998,/data/scrollagent/runs/rev1/seed-search-1447/out/PHerc1447-seed38/C40/patch_1_colours.csv,2026-09-21T15:22:26Z
PHerc1447-seed38,patch_2.bin,8daedf221ecf5fdc4f2416566bb5450ae1f4c8b4fe141682e254009039200089,6252660,/data/scrollagent/runs/rev1/seed-search-1447/out/PHerc1447-seed38/C40/patch_2.bin,2026-09-21T15:22:26Z
PHerc1447-seed38,patch_2_colours.csv,87de71c0de85358fddc292e19c92605430083cda0a61133f6eba6d731e2e0a92,3738612,/data/scrollagent/runs/rev1/seed-search-1447/out/PHerc1447-seed38/C40/patch_2_colours.csv,2026-09-21T15:22:26Z
PHerc1447-seed38,patch_3.bin,0132fb9d1e883230d141d7eaace731975e2d8b7b7942adb1cb84659a14ff544a,4656500,/data/scrollagent/runs/rev1/seed-search-1447/out/PHerc1447-seed38/C40/patch_3.bin,2026-09-21T15:22:26Z
PHerc1447-seed38,patch_3_colours.csv,7f00e5b1290bd0cf89e62180d6922cf915c7431dd57e711e05d5835555202c49,2782506,/data/scrollagent/runs/rev1/seed-search-1447/out/PHerc1447-seed38/C40/patch_3_colours.csv,2026-09-21T15:22:26Z
PHerc1447-seed38,patch_4.bin,8db9a3d48444b3ccfb440767200c228fa3056c853e6cf2bc53452cf71180fcc3,4483780,/data/scrollagent/runs/rev1/seed-search-1447/out/PHerc1447-seed38/C40/patch_4.bin,2026-09-21T15:22:26Z
PHerc1447-seed38,patch_4_colours.csv,891d9a5e1126af69ed03526f1e0377c9685cf05e4cf444b472d6597816d1bd12,2659822,/data/scrollagent/runs/rev1/seed-search-1447/out/PHerc1447-seed38/C40/patch_4_colours.csv,2026-09-21T15:22:26Z
PHerc1447-seed38,patch_5.bin,5fdaba792368cd55254fc2a04b81921ee7404f6ead55b10078edeea776230ad4,2164260,/data/scrollagent/runs/rev1/seed-search-1447/out/PHerc1447-seed38/C40/patch_5.bin,2026-09-21T15:22:26Z
PHerc1447-seed38,patch_5_colours.csv,915ea158a879724d979d104ad579229271bf4ab69f9eb5b336cefba0ca9be9c3,1287726,/data/scrollagent/runs/rev1/seed-search-1447/out/PHerc1447-seed38/C40/patch_5_colours.csv,2026-09-21T15:22:26Z
PHerc1447-seed38,patch_6.bin,91d6b72388023b2ba987fa5e8cd7d0624a02c8516eecfb6ee99edc785a286bfe,1056940,/data/scrollagent/runs/rev1/seed-search-1447/out/PHerc1447-seed38/C40/patch_6.bin,2026-09-21T15:22:26Z
PHerc1447-seed38,patch_6_colours.csv,b5818712b00e528573c7d650c709bf5ec45fc4dfe6a7ad63befcf6e332a90ddf,629550,/data/scrollagent/runs/rev1/seed-search-1447/out/PHerc1447-seed38/C40/patch_6_colours.csv,2026-09-21T15:22:26Z
PHerc1447-seed38,patch_7.bin,3692f91955493e8abc5070141406f2796fa9530378bf4f5ab98d5d586663dac2,2597940,/data/scrollagent/runs/rev1/seed-search-1447/out/PHerc1447-seed38/C40/patch_7.bin,2026-09-21T15:22:26Z
PHerc1447-seed38,patch_7_colours.csv,25d890cd6a7e40a8d26d15a2ec4f94522e0ab7c92bc56dca63cca2e6873b673b,1553142,/data/scrollagent/runs/rev1/seed-search-1447/out/PHerc1447-seed38/C40/patch_7_colours.csv,2026-09-21T15:22:26Z
PHerc1447-seed38,patch_8.bin,5a4a74dc6cce912fcf59a8ab5297185bce3a669e2c28beb4460895ae1ce3a105,2373620,/data/scrollagent/runs/rev1/seed-search-1447/out/PHerc1447-seed38/C40/patch_8.bin,2026-09-21T15:22:26Z
PHerc1447-seed38,patch_8_colours.csv,5df3cc37050c14da16e62004ad69af773324a447dccc0bde0d7376237233b9ca,1416534,/data/scrollagent/runs/rev1/seed-search-1447/out/PHerc1447-seed38/C40/patch_8_colours.csv,2026-09-21T15:22:26Z
PHerc1447-seed38,patch_9.bin,d2446b22e305f217511c7b52cc507911752bb265dcf960fe870537e132141904,1032560,/data/scrollagent/runs/rev1/seed-search-1447/out/PHerc1447-seed38/C40/patch_9.bin,2026-09-21T15:22:26Z
PHerc1447-seed38,patch_9_colours.csv,929cb2bda8670a91a2e1eb07ad5ec149adbc22ff3cb0929678bd033b580b52ce,617646,/data/scrollagent/runs/rev1/seed-search-1447/out/PHerc1447-seed38/C40/patch_9_colours.csv,2026-09-21T15:22:26Z
PHerc1447-seed38,patchorder.csv,d126a2959ed5be5984991f9c1397eee4755330c0d4c59d98d09406f8793fb1f3,95,/data/scrollagent/runs/rev1/seed-search-1447/out/PHerc1447-seed38/C40/patchorder.csv,2026-09-21T15:22:26Z
PHerc1447-seed38,patchorders.csv,d60ba8f7a59f944f5f434b5d6438bdbedad97b9f84ce7741926828f335d119c1,2057,/data/scrollagent/runs/rev1/seed-search-1447/out/PHerc1447-seed38/C40/patchorders.csv,2026-09-21T15:22:26Z
PHerc1447-seed38,rel.csv,cf1af440687f217f70711b0c5815307467d287b43a32c955f105e32f51e060a3,50596035,/data/scrollagent/runs/rev1/seed-search-1447/out/PHerc1447-seed38/C40/rel.csv,2026-09-21T15:22:26Z
PHerc1447-seed40,alignmentorders.txt,e4355ae5cb31e3dbf5f2c7cb91665c03c37113f69df6956c5c5288a5da6830d4,26840,/data/scrollagent/runs/rev1/seed-search-1447/out/PHerc1447-seed40/C40/alignmentorders.txt,2026-09-21T15:22:26Z
PHerc1447-seed40,badbridgess_out.csv,32f2411a9b37894c9827668222d13471b21b3e6f6e5efc0e315aa356a47b253a,40,/data/scrollagent/runs/rev1/seed-search-1447/out/PHerc1447-seed40/C40/badbridgess_out.csv,2026-09-21T15:22:26Z
PHerc1447-seed40,badpatches.csv,3ea79bcbd0e102b306c3aeef39163f5e6a364b5afcee0cfdae73fcc55b568e70,68980,/data/scrollagent/runs/rev1/seed-search-1447/out/PHerc1447-seed40/C40/badpatches.csv,2026-09-21T15:22:26Z
PHerc1447-seed40,badpatchscores.csv,8452ee68b1ab71c45c0085589ab5e62f51c34a73d15013cee6aab1905d6ca256,5306919,/data/scrollagent/runs/rev1/seed-search-1447/out/PHerc1447-seed40/C40/badpatchscores.csv,2026-09-21T15:22:26Z
PHerc1447-seed40,neighbourss.csv,77f8b5fafbf3b523781c60686202f3bc035bdee7a11b05ead8005426af0ed0e8,4084,/data/scrollagent/runs/rev1/seed-search-1447/out/PHerc1447-seed40/C40/neighbourss.csv,2026-09-21T15:22:26Z
PHerc1447-seed40,patchPositions_0.txt,777cb70ae3991212903323255e3f3f55d12529534168d1f4ea3c5b7c28d88de8,1635,/data/scrollagent/runs/rev1/seed-search-1447/out/PHerc1447-seed40/C40/patchPositions_0.txt,2026-09-21T15:22:26Z
PHerc1447-seed40,patchPositions_1.txt,43488aa32ec9833e72a9fee51708146e92bcb91332f132a7b7fe01c2881e068b,1528,/data/scrollagent/runs/rev1/seed-search-1447/out/PHerc1447-seed40/C40/patchPositions_1.txt,2026-09-21T15:22:26Z
PHerc1447-seed40,patchPositions_2.txt,ff2bc7317106cd1ebc2aa8268865d15efe378656905f7cdadb8dfcc3fa36a775,1426,/data/scrollagent/runs/rev1/seed-search-1447/out/PHerc1447-seed40/C40/patchPositions_2.txt,2026-09-21T15:22:26Z
PHerc1447-seed40,patchPositions_3.txt,6ab7f53bb7ceb200cc843396646c2630c31cd3924e28977a6c697c82487588ce,1223,/data/scrollagent/runs/rev1/seed-search-1447/out/PHerc1447-seed40/C40/patchPositions_3.txt,2026-09-21T15:22:26Z
PHerc1447-seed40,patchPositions_4.txt,9d53ecdfcef58d805b37d66f2eb7fd7fa7630ef88a300434edc7f226b8628c4b,1095,/data/scrollagent/runs/rev1/seed-search-1447/out/PHerc1447-seed40/C40/patchPositions_4.txt,2026-09-21T15:22:26Z
PHerc1447-seed40,patchPositions_5.txt,fb8ce095aab05ec4043dee08cd57df1aa759d854531a6539d29ebe5d365b6bb7,984,/data/scrollagent/runs/rev1/seed-search-1447/out/PHerc1447-seed40/C40/patchPositions_5.txt,2026-09-21T15:22:26Z
PHerc1447-seed40,patchPositions_6.txt,546d1d88b8ca497adb255282d58d3cff534fb295cf2331bedd02f56c05681187,911,/data/scrollagent/runs/rev1/seed-search-1447/out/PHerc1447-seed40/C40/patchPositions_6.txt,2026-09-21T15:22:26Z
PHerc1447-seed40,patchPositions_7.txt,eb41a74accb99960ef4d234be6ad5a9add64aa5c683fdf4805149a50d568a431,902,/data/scrollagent/runs/rev1/seed-search-1447/out/PHerc1447-seed40/C40/patchPositions_7.txt,2026-09-21T15:22:26Z
PHerc1447-seed40,patchPositions_8.txt,c10926b23b4e671b0cfd0372db8129fedb7f834708671c0b03d74d0bf38abe4d,894,/data/scrollagent/runs/rev1/seed-search-1447/out/PHerc1447-seed40/C40/patchPositions_8.txt,2026-09-21T15:22:26Z
PHerc1447-seed40,patchPositions_9.txt,e6faefb2c3a35bab30a7b76bd5cf3ab5861e7893bebc9f3d0e7af120220e0f07,779,/data/scrollagent/runs/rev1/seed-search-1447/out/PHerc1447-seed40/C40/patchPositions_9.txt,2026-09-21T15:22:26Z
PHerc1447-seed40,patchVolCoords.csv,4d3bf6ae3e4b898decab9cbdf365a0aa7f899cc99e778cf84243f3cfecaafe34,569104,/data/scrollagent/runs/rev1/seed-search-1447/out/PHerc1447-seed40/C40/patchVolCoords.csv,2026-09-21T15:22:26Z
PHerc1447-seed40,patch_0.bin,bdc2b80a1a7795b9032826121e5f48d028c417ffedb746bc6c5723bdd3f144a0,2001700,/data/scrollagent/runs/rev1/seed-search-1447/out/PHerc1447-seed40/C40/patch_0.bin,2026-09-21T15:22:26Z
PHerc1447-seed40,patch_0_colours.csv,7744f144ecf1e4fccd54a614d1e087ce83c0137db33fde095cdfa7da6e3fa06b,1197318,/data/scrollagent/runs/rev1/seed-search-1447/out/PHerc1447-seed40/C40/patch_0_colours.csv,2026-09-21T15:22:26Z
PHerc1447-seed40,patch_1.bin,6b70ad78c4785af4cf36cf5f39f3d398275811e0941bb576597aced0f7c98ff4,2376120,/data/scrollagent/runs/rev1/seed-search-1447/out/PHerc1447-seed40/C40/patch_1.bin,2026-09-21T15:22:26Z
PHerc1447-seed40,patch_1_colours.csv,0f7594c72815799f81b86bd5386d8a539d3da06875a4564c86407516bf88166b,1419900,/data/scrollagent/runs/rev1/seed-search-1447/out/PHerc1447-seed40/C40/patch_1_colours.csv,2026-09-21T15:22:26Z
PHerc1447-seed40,patch_2.bin,40bdc994afb24e0f3ad0b50871b3ab00ae76982fcf6d4624f2e42a27b61a5b8d,2065780,/data/scrollagent/runs/rev1/seed-search-1447/out/PHerc1447-seed40/C40/patch_2.bin,2026-09-21T15:22:26Z
PHerc1447-seed40,patch_2_colours.csv,4e41ddf1ed0203d342b92ec7cfac48221c1526149409508c93768041b7945d34,1234932,/data/scrollagent/runs/rev1/seed-search-1447/out/PHerc1447-seed40/C40/patch_2_colours.csv,2026-09-21T15:22:26Z
PHerc1447-seed40,patch_3.bin,d7166718837a21ac4db8ed4fdc9ddb6c21c65db0278098fe7ddc999d2eee2218,2057180,/data/scrollagent/runs/rev1/seed-search-1447/out/PHerc1447-seed40/C40/patch_3.bin,2026-09-21T15:22:26Z
PHerc1447-seed40,patch_3_colours.csv,4c28e5cfc3348e344ca1cacf812835984bc99bbb042d7f7f6c613e6e7118c6af,1227168,/data/scrollagent/runs/rev1/seed-search-1447/out/PHerc1447-seed40/C40/patch_3_colours.csv,2026-09-21T15:22:26Z
PHerc1447-seed40,patch_4.bin,632e503a7f3bd4fea3207a29f2bdf4f7409fe6d107c6ca23b2d38c3a5d23d1e2,1485960,/data/scrollagent/runs/rev1/seed-search-1447/out/PHerc1447-seed40/C40/patch_4.bin,2026-09-21T15:22:26Z
PHerc1447-seed40,patch_4_colours.csv,2ac26735df038c820f68a418310503ce1f50bf1476e8ed01051a5076899d82ac,888012,/data/scrollagent/runs/rev1/seed-search-1447/out/PHerc1447-seed40/C40/patch_4_colours.csv,2026-09-21T15:22:26Z
PHerc1447-seed40,patch_5.bin,b06f3b1bd623fb52364e9f3ee9eb7e06ce007cd55d972dae216268e5cb4b8ecc,1782180,/data/scrollagent/runs/rev1/seed-search-1447/out/PHerc1447-seed40/C40/patch_5.bin,2026-09-21T15:22:26Z
PHerc1447-seed40,patch_5_colours.csv,da7938fe7375cecfc010498a6c3893c5df227b4d36e31991bda302660778b621,1064460,/data/scrollagent/runs/rev1/seed-search-1447/out/PHerc1447-seed40/C40/patch_5_colours.csv,2026-09-21T15:22:26Z
PHerc1447-seed40,patch_6.bin,ff1a25ce496ba219dc813869a4a0e3d77f979a4a79b304e2750c1cab4917cc48,1455760,/data/scrollagent/runs/rev1/seed-search-1447/out/PHerc1447-seed40/C40/patch_6.bin,2026-09-21T15:22:26Z
PHerc1447-seed40,patch_6_colours.csv,690edfc4e1b29b0972c2f170238121835521489f439998ffc89822dfa2bc881a,869892,/data/scrollagent/runs/rev1/seed-search-1447/out/PHerc1447-seed40/C40/patch_6_colours.csv,2026-09-21T15:22:26Z
PHerc1447-seed40,patch_7.bin,153efef451d624005c17eaffbb764a9347e23552bc9d449dbbd4b54737aaa5e2,1275240,/data/scrollagent/runs/rev1/seed-search-1447/out/PHerc1447-seed40/C40/patch_7.bin,2026-09-21T15:22:26Z
PHerc1447-seed40,patch_7_colours.csv,0053b8775ea84fe018a8c154ebfa0853cc36aeb4b9f75df82753d12af56af7a5,761250,/data/scrollagent/runs/rev1/seed-search-1447/out/PHerc1447-seed40/C40/patch_7_colours.csv,2026-09-21T15:22:26Z
PHerc1447-seed40,patch_8.bin,6d676c4d91eeac7cbff17a151effba27582cbfd2643187a06e13a24e9a4cb6c1,1417000,/data/scrollagent/runs/rev1/seed-search-1447/out/PHerc1447-seed40/C40/patch_8.bin,2026-09-21T15:22:26Z
PHerc1447-seed40,patch_8_colours.csv,4ee1afd0a49c41d9f2bcb51a5dbff2ecbfe68ccc01d51d849a0eaa4fe6eec7ca,846144,/data/scrollagent/runs/rev1/seed-search-1447/out/PHerc1447-seed40/C40/patch_8_colours.csv,2026-09-21T15:22:26Z
PHerc1447-seed40,patch_9.bin,aca06feaaa3ca91d1eb8dd1e83efc4c0ee4b8c4b6c1c49e4c6d99dcaaecd5c26,1186040,/data/scrollagent/runs/rev1/seed-search-1447/out/PHerc1447-seed40/C40/patch_9.bin,2026-09-21T15:22:26Z
PHerc1447-seed40,patch_9_colours.csv,0989b25d6945684a468af241dc84a0a470866405fcab2d22615f4134da22a242,708468,/data/scrollagent/runs/rev1/seed-search-1447/out/PHerc1447-seed40/C40/patch_9_colours.csv,2026-09-21T15:22:26Z
PHerc1447-seed40,patchorder.csv,c1de0194c8f2da74f1824c4d8d5162dba37ec5150aca52cf1916c1012521d522,72,/data/scrollagent/runs/rev1/seed-search-1447/out/PHerc1447-seed40/C40/patchorder.csv,2026-09-21T15:22:26Z
PHerc1447-seed40,patchorders.csv,fbc3ed6ff1adfb66c534907c2bda64e271fd83bec9e8436fd49c9767b4d13079,954,/data/scrollagent/runs/rev1/seed-search-1447/out/PHerc1447-seed40/C40/patchorders.csv,2026-09-21T15:22:26Z
PHerc1447-seed40,rel.csv,08a51f63dfc79af6f56305080701b4ee17fe7f6fc6a23cc803013ff0d0d41a22,38222363,/data/scrollagent/runs/rev1/seed-search-1447/out/PHerc1447-seed40/C40/rel.csv,2026-09-21T15:22:26Z
PHerc1447-seed48,alignmentorders.txt,cf0f199fea6cb8e8e23332bc1e2013e2c0a38e25a1ecaf6d663969ad77f19634,14599,/data/scrollagent/runs/rev1/seed-search-1447/out/PHerc1447-seed48/C40/alignmentorders.txt,2026-09-21T15:22:26Z
PHerc1447-seed48,badbridgess_out.csv,32f2411a9b37894c9827668222d13471b21b3e6f6e5efc0e315aa356a47b253a,40,/data/scrollagent/runs/rev1/seed-search-1447/out/PHerc1447-seed48/C40/badbridgess_out.csv,2026-09-21T15:22:26Z
PHerc1447-seed48,badpatches.csv,1e863de5bb430c85ddad357ea89be2e5048bd2fb753e08f8783a1cd4c0b831a3,87770,/data/scrollagent/runs/rev1/seed-search-1447/out/PHerc1447-seed48/C40/badpatches.csv,2026-09-21T15:22:26Z
PHerc1447-seed48,badpatchscores.csv,15ea1e59b0d47e6ef7a8fcd6ee6eb4f89e4fde76195680dedd592465e1df92ea,6281745,/data/scrollagent/runs/rev1/seed-search-1447/out/PHerc1447-seed48/C40/badpatchscores.csv,2026-09-21T15:22:26Z
PHerc1447-seed48,neighbourss.csv,baabe1e435d9421c433d00c967e08983f3c70d3c5d5ac39e89ef19fc5de1438f,2371,/data/scrollagent/runs/rev1/seed-search-1447/out/PHerc1447-seed48/C40/neighbourss.csv,2026-09-21T15:22:26Z
PHerc1447-seed48,patchPositions_0.txt,0f66e3ad6bbac22c58f339b65e15fcd74d8235f95a3b0f20e71f8897f8a1fc39,1577,/data/scrollagent/runs/rev1/seed-search-1447/out/PHerc1447-seed48/C40/patchPositions_0.txt,2026-09-21T15:22:26Z
PHerc1447-seed48,patchPositions_1.txt,a3b4ca7fc8acd203d81b956c1bb60ae0611601efe1f6d6bbeb08e183ec1f94e3,1353,/data/scrollagent/runs/rev1/seed-search-1447/out/PHerc1447-seed48/C40/patchPositions_1.txt,2026-09-21T15:22:26Z
PHerc1447-seed48,patchPositions_2.txt,d7fae62982af3625605d2a6a0bd446afb358da297cc0ec375a4852c6e93cc5d3,1043,/data/scrollagent/runs/rev1/seed-search-1447/out/PHerc1447-seed48/C40/patchPositions_2.txt,2026-09-21T15:22:26Z
PHerc1447-seed48,patchPositions_3.txt,35c8280dafe2103949f6653c6581bfd2566e83b6a621a7c565d351ac8778e755,850,/data/scrollagent/runs/rev1/seed-search-1447/out/PHerc1447-seed48/C40/patchPositions_3.txt,2026-09-21T15:22:26Z
PHerc1447-seed48,patchPositions_4.txt,87badd141f3ff8e5fc37c387275f44ab0b2ed04a3578dcca39c04a819652dfb1,653,/data/scrollagent/runs/rev1/seed-search-1447/out/PHerc1447-seed48/C40/patchPositions_4.txt,2026-09-21T15:22:26Z
PHerc1447-seed48,patchPositions_5.txt,e873b0af966473124e0738c95905d2dea243768f9c12e3ad0d7d4d09084b5673,587,/data/scrollagent/runs/rev1/seed-search-1447/out/PHerc1447-seed48/C40/patchPositions_5.txt,2026-09-21T15:22:26Z
PHerc1447-seed48,patchPositions_6.txt,ac4108b7744cef149e1c139eb9aef4520c86908a372a5460ee239297b68dccbb,594,/data/scrollagent/runs/rev1/seed-search-1447/out/PHerc1447-seed48/C40/patchPositions_6.txt,2026-09-21T15:22:26Z
PHerc1447-seed48,patchPositions_7.txt,7459e4d50b99e0f0f3a2666e5f3d597d0373e79b4c2559613d4fbb52b8669a6a,580,/data/scrollagent/runs/rev1/seed-search-1447/out/PHerc1447-seed48/C40/patchPositions_7.txt,2026-09-21T15:22:26Z
PHerc1447-seed48,patchPositions_8.txt,0d22a06cbc5d45ecfeb5e01d298ced787cf08eefe85a4f587a5f9802d6d91cc2,527,/data/scrollagent/runs/rev1/seed-search-1447/out/PHerc1447-seed48/C40/patchPositions_8.txt,2026-09-21T15:22:26Z
PHerc1447-seed48,patchPositions_9.txt,47b3945fc8b44f72880d7000d8417ad33eb1f09398b79713ef9e907a39a67ab5,535,/data/scrollagent/runs/rev1/seed-search-1447/out/PHerc1447-seed48/C40/patchPositions_9.txt,2026-09-21T15:22:26Z
PHerc1447-seed48,patchVolCoords.csv,fdfff7f5ad8db8d6520a05cd0534b75231f5f2c4b2c6f77dbcd67706764f0025,704784,/data/scrollagent/runs/rev1/seed-search-1447/out/PHerc1447-seed48/C40/patchVolCoords.csv,2026-09-21T15:22:26Z
PHerc1447-seed48,patch_0.bin,0b5b92d2f9207016acbefc308603872308285818c67a92070a18d6fcaf3e81c7,3323580,/data/scrollagent/runs/rev1/seed-search-1447/out/PHerc1447-seed48/C40/patch_0.bin,2026-09-21T15:22:26Z
PHerc1447-seed48,patch_0_colours.csv,7a49179d78b85b5c6c0aedd1873d9777d82b499226dd41a828fcc69498b9293f,1984680,/data/scrollagent/runs/rev1/seed-search-1447/out/PHerc1447-seed48/C40/patch_0_colours.csv,2026-09-21T15:22:26Z
PHerc1447-seed48,patch_1.bin,dc3a0e6fcd8e2ac55aadda41898ee67c72ff0cb62d86797037b21726f468b532,1751220,/data/scrollagent/runs/rev1/seed-search-1447/out/PHerc1447-seed48/C40/patch_1.bin,2026-09-21T15:22:26Z
PHerc1447-seed48,patch_1_colours.csv,1aac1b878e0da77f5168fdd7eb5a9bd39d26dbfa3d3c836614b620a60ae41643,1045194,/data/scrollagent/runs/rev1/seed-search-1447/out/PHerc1447-seed48/C40/patch_1_colours.csv,2026-09-21T15:22:26Z
PHerc1447-seed48,patch_2.bin,80068cdd2d3f529500951221c9f73cee6233cc5cb739872d18f1bd66d97a5dcd,1528540,/data/scrollagent/runs/rev1/seed-search-1447/out/PHerc1447-seed48/C40/patch_2.bin,2026-09-21T15:22:26Z
PHerc1447-seed48,patch_2_colours.csv,467e605c53f6bde78b604b74b03f2471620dee20e0be98850febab03d54eda38,912048,/data/scrollagent/runs/rev1/seed-search-1447/out/PHerc1447-seed48/C40/patch_2_colours.csv,2026-09-21T15:22:26Z
PHerc1447-seed48,patch_3.bin,a95b2dfa6f8f03a5eb176672e374e573c0d8013a9e7421ad37cb229b5b3673df,1226740,/data/scrollagent/runs/rev1/seed-search-1447/out/PHerc1447-seed48/C40/patch_3.bin,2026-09-21T15:22:26Z
PHerc1447-seed48,patch_3_colours.csv,5735628a18da3edcb8e3897005ecf3bdeeebf75d6c637b6532302f5bbd2189d8,731826,/data/scrollagent/runs/rev1/seed-search-1447/out/PHerc1447-seed48/C40/patch_3_colours.csv,2026-09-21T15:22:26Z
PHerc1447-seed48,patch_4.bin,f457fa9ab0804cf7e1e6231b6cee7b4bd48d7559f40d9824ce4e918c26d867be,803080,/data/scrollagent/runs/rev1/seed-search-1447/out/PHerc1447-seed48/C40/patch_4.bin,2026-09-21T15:22:26Z
PHerc1447-seed48,patch_4_colours.csv,1a38edb1ae32b1499b488c74f131e830eb5a28608a842cba24d63282f4632f5d,478656,/data/scrollagent/runs/rev1/seed-search-1447/out/PHerc1447-seed48/C40/patch_4_colours.csv,2026-09-21T15:22:26Z
PHerc1447-seed48,patch_5.bin,0d1c32eff574aaa880353535da128326de1565a97199eb997ec9f2cc910de017,780900,/data/scrollagent/runs/rev1/seed-search-1447/out/PHerc1447-seed48/C40/patch_5.bin,2026-09-21T15:22:26Z
PHerc1447-seed48,patch_5_colours.csv,b4ce3673bb2ba6506bc5069691389c1db63a2c5e8ac18b8701154b47dd80a840,464502,/data/scrollagent/runs/rev1/seed-search-1447/out/PHerc1447-seed48/C40/patch_5_colours.csv,2026-09-21T15:22:26Z
PHerc1447-seed48,patch_6.bin,178f337f144e483b4f653a8a3e1a1209ef8aed14c2fdfc8aff667f22e95ddfe8,554340,/data/scrollagent/runs/rev1/seed-search-1447/out/PHerc1447-seed48/C40/patch_6.bin,2026-09-21T15:22:26Z
PHerc1447-seed48,patch_6_colours.csv,e279d8b7339c150c3461f1f7cdbe102c0c71c04f01126e00bb73cf391ecd893f,329400,/data/scrollagent/runs/rev1/seed-search-1447/out/PHerc1447-seed48/C40/patch_6_colours.csv,2026-09-21T15:22:26Z
PHerc1447-seed48,patch_7.bin,743188959c5a3a98d4a327974aad547c7ad507323709f40f31b40a5b2248acaf,651780,/data/scrollagent/runs/rev1/seed-search-1447/out/PHerc1447-seed48/C40/patch_7.bin,2026-09-21T15:22:26Z
PHerc1447-seed48,patch_7_colours.csv,914dfb1138976e0c3617fe7efa341b43a67b756db46016b8349f0a1f8337bfd5,388266,/data/scrollagent/runs/rev1/seed-search-1447/out/PHerc1447-seed48/C40/patch_7_colours.csv,2026-09-21T15:22:26Z
PHerc1447-seed48,patch_8.bin,1e611f424a0c27c6d48d87b9fecf8b762ca0f9160cc307ee95420e06c0e98b24,875220,/data/scrollagent/runs/rev1/seed-search-1447/out/PHerc1447-seed48/C40/patch_8.bin,2026-09-21T15:22:26Z
PHerc1447-seed48,patch_8_colours.csv,9afad3addae99fbd0d3ba75fb1affe9baa985572f82f89d8fc8bb7b18790c91b,522168,/data/scrollagent/runs/rev1/seed-search-1447/out/PHerc1447-seed48/C40/patch_8_colours.csv,2026-09-21T15:22:26Z
PHerc1447-seed48,patch_9.bin,d7f9779f77b68bb18b962b585fae58cdb59816f62773db484210db2ca6d54a41,711360,/data/scrollagent/runs/rev1/seed-search-1447/out/PHerc1447-seed48/C40/patch_9.bin,2026-09-21T15:22:26Z
PHerc1447-seed48,patch_9_colours.csv,eba0457ab246fa8b48850535ea27419dea4b3583c954dd1edfa978de81239670,424338,/data/scrollagent/runs/rev1/seed-search-1447/out/PHerc1447-seed48/C40/patch_9_colours.csv,2026-09-21T15:22:26Z
PHerc1447-seed48,patchorder.csv,259dd32820fb2a582a8a4aedab1a349837ba3abea6180c1c5586b802160a53c5,48,/data/scrollagent/runs/rev1/seed-search-1447/out/PHerc1447-seed48/C40/patchorder.csv,2026-09-21T15:22:26Z
PHerc1447-seed48,patchorders.csv,9b369b9986f60a35e339301ad9233f99370615f38e549cfa2e35ba29b24d2081,747,/data/scrollagent/runs/rev1/seed-search-1447/out/PHerc1447-seed48/C40/patchorders.csv,2026-09-21T15:22:26Z
PHerc1447-seed48,rel.csv,408375fe25648d1f44d5ea805a3fa50f71af5ccb2c0e4f08833c9ef331af7626,47303237,/data/scrollagent/runs/rev1/seed-search-1447/out/PHerc1447-seed48/C40/rel.csv,2026-09-21T15:22:26Z
