# written by render-routes-0826/tools/sq_checks.py: checks on a row's largest certified square (docstring of the tool): flags inside it, strict and pairwise squares, straightened sections (best-windows straight.py's line and statistic), radius about the published umbilicus, share of the square's nodes within 3 voxels of our best sheet (full lattice; certified piece), candidates ranked within 6 voxels on working grids
utc,route,surface,square_mm,square_cells,square_corner,in_square_v2,in_square_v2_other_r2b,in_square_self_conflict_a,in_square_self_conflict_b,in_square_a2_rule,in_square_holes,strict_square_mm,strict_square_cells,strict_corner,pairwise_square_mm,pairwise_square_cells,pairwise_corner,pairs_inside_pairwise_square,conflict_pairs,section_i_centre,section_i_columns_scored,section_i_peak_offset_median_vox,section_i_peak_offset_q25_q75_vox,section_i_share_within_3_vox,section_j_centre,section_j_columns_scored,section_j_peak_offset_median_vox,section_j_peak_offset_q25_q75_vox,section_j_share_within_3_vox,within3_best_sheet,within3_share_all_cells,within3_share_certified_piece,within3_others,overlap_candidates,overlap_best_sheet,overlap_best_share_within_6vox_working,overlap_second,overlap_sheets_over_1pct,winding
2026-09-29T11:24:40Z,L,S5364sq,15.3693,411,376 679,0,not measurable,0,0,0,0,14.5093,388,334 643,15.7059,420,376 670,0,7039,581 884,411,8.0,5.0 12.0,0.1873,581 884,411,9.0,5.0 12.0,0.1290,PHerc0826-seed1045-S0,0.3445,0.3445,PHerc0826-seed69-S2 0.3416 PHerc0826-seed3839-S0 0.2996,93,PHerc0826-seed1045-S0,0.4587,PHerc0826-seed69-S2 0.4536,20,not measurable: no per sheet winding index in the house files
2026-09-29T11:25:37Z,R2bnative,PHerc0826-seed6729-squarecentre,18.6396,498,290 0,0,0,0,0,0,0,14.8219,396,405 0,19.4257,519,282 0,0,29621,539 249,498,8.0,4.0 11.0,0.2149,539 249,498,8.0,4.0 12.0,0.2369,PHerc0826-seed1181-S3,0.6609,0.6609,PHerc0826-seed1045-S2 0.5800 PHerc0826-seed1727-S2 0.4453,92,PHerc0826-seed1181-S3,0.6935,PHerc0826-seed1045-S2 0.6072,17,not measurable: no per sheet winding index in the house files
2026-09-29T11:25:41Z,R2bnative,PHerc0826-seed6729-seedpoint,15.5411,414,387 311,0,0,0,0,0,0,15.5411,414,387 311,20.4963,546,198 255,0,39598,594 518,414,8.0,4.0 12.0,0.2198,594 518,414,10.0,5.0 13.0,0.1739,PHerc0826-seed4440-S3,0.5728,0.5728,PHerc0826-seed1727-S6 0.4289 PHerc0826-seed69-S9 0.3920,98,PHerc0826-seed4440-S3,0.6034,PHerc0826-seed1727-S6 0.4482,11,not measurable: no per sheet winding index in the house files
2026-09-29T11:25:43Z,R2bnative,PHerc0826-seed5364-squarecentre,24.4046,651,0 150,0,0,0,0,0,0,21.8180,582,76 150,24.4047,651,0 150,0,0,325 475,651,5.0,2.0 11.0,0.3779,325 475,651,6.0,3.0 11.0,0.3103,PHerc0826-seed4494-S6,0.3399,0.3399,PHerc0826-seed1181-S1 0.2874 PHerc0826-seed4440-S7 0.2781,117,PHerc0826-seed4494-S6,0.3530,PHerc0826-seed1181-S1 0.3191,13,not measurable: no per sheet winding index in the house files
2026-09-29T11:25:47Z,R2bnative,PHerc0826-seed5364-seedpoint,22.7255,606,0 0,0,0,0,0,0,0,20.9256,558,149 0,24.6757,658,0 0,0,5923,303 303,606,8.0,5.0 12.0,0.2063,303 303,606,7.0,3.0 12.0,0.2937,PHerc0826-seed1181-S3,0.3780,0.3780,PHerc0826-seed1727-S2 0.3541 PHerc0826-seed1045-S2 0.3483,102,PHerc0826-seed1181-S3,0.3936,PHerc0826-seed1727-S2 0.3719,25,not measurable: no per sheet winding index in the house files
2026-09-29T11:25:55Z,R2bnative,PHerc0826-seed6733-seedpoint,16.2795,434,0 367,0,0,0,0,0,0,16.2043,432,220 367,17.7797,474,127 327,0,94924,217 584,434,6.0,2.0 11.0,0.3456,217 584,434,8.0,3.0 12.0,0.2742,PHerc0826-seed4440-S4,0.2378,0.0101,PHerc0826-seed2193-S8 0.1254 PHerc0826-seed69-S8 0.0527,94,PHerc0826-seed4440-S4,0.2528,PHerc0826-seed2193-S8 0.1278,3,not measurable: no per sheet winding index in the house files
2026-09-29T11:26:58Z,R2bnative,PHerc0826-seed6733-squarecentre,19.5866,522,0 0,0,0,0,0,0,0,17.5978,469,28 0,21.0874,562,0 0,0,21086,261 261,522,6.0,3.0 9.0,0.3333,261 261,522,8.0,4.0 12.0,0.2414,PHerc0826-seed1045-S2,0.7946,0.7945,PHerc0826-seed1727-S2 0.7653 PHerc0826-seed1181-S3 0.6278,108,PHerc0826-seed1045-S2,0.8096,PHerc0826-seed1727-S2 0.7814,21,not measurable: no per sheet winding index in the house files
2026-09-29T11:26:58Z,R2bnative,PHerc0826-seed2715-seedpoint,25.1612,670,0 0,0,0,0,0,0,0,23.0206,613,188 0,25.7996,687,0 0,0,2838,335 335,670,8.0,4.0 12.0,0.2239,335 335,670,8.0,4.0 12.0,0.2284,PHerc0826-seed5611-S3,0.4140,0.4140,PHerc0826-seed6346-S2 0.3546 PHerc0826-seed300-S2 0.3079,70,PHerc0826-seed5611-S3,0.4463,PHerc0826-seed6346-S2 0.3869,9,not measurable: no per sheet winding index in the house files
2026-09-29T11:27:04Z,R2bnative,PHerc0826-seed2715-squarecentre,23.4126,624,166 98,0,0,0,9,0,0,22.5495,601,199 124,24.4255,651,150 51,0,2707,478 410,624,8.5,5.0 13.0,0.1731,478 410,624,9.0,5.0 13.0,0.1987,PHerc0826-seed3490-S0,0.4081,0.4059,PHerc0826-seed2453-S6 0.4029 PHerc0826-seed300-S1 0.3345,67,PHerc0826-seed3490-S0,0.4298,PHerc0826-seed2453-S6 0.4174,7,not measurable: no per sheet winding index in the house files
2026-09-29T11:27:17Z,R2bnative,PHerc0826-seed6273-seedpoint,26.6068,710,75 91,0,0,0,0,0,0,21.3227,569,204 140,26.6065,710,63 91,0,564,430 446,710,7.0,4.0 11.0,0.2394,430 446,710,8.0,4.0 12.0,0.2366,PHerc0826-seed1727-S6,0.5514,0.5514,PHerc0826-seed4440-S3 0.4843 PHerc0826-seed3839-S4 0.4723,118,PHerc0826-seed1727-S6,0.5769,PHerc0826-seed4440-S3 0.5038,12,not measurable: no per sheet winding index in the house files
2026-09-29T11:27:30Z,R2bnative,PHerc0826-seed6273-squarecentre,30.0063,801,0 0,0,0,0,0,0,0,26.8221,716,0 0,30.0063,801,0 0,0,0,400 400,801,4.0,1.0 10.0,0.4657,400 400,801,7.0,3.0 12.0,0.2797,PHerc0826-seed1727-S1,0.7114,0.7112,PHerc0826-seed1045-S0 0.6828 PHerc0826-seed69-S2 0.5928,125,PHerc0826-seed1727-S1,0.7259,PHerc0826-seed1045-S0 0.6951,28,not measurable: no per sheet winding index in the house files
2026-09-29T14:27:28Z,R2cnative,PHerc0826-seed6273-squarecentre,29.8961,795,306 367,0,0,0,0,0,0,27.6773,736,316 373,32.8292,873,267 338,0,129790,703 764,795,4.0,2.0 8.0,0.4553,703 764,795,8.0,3.0 12.0,0.2692,PHerc0826-seed1045-S0,0.7003,0.7000,PHerc0826-seed1727-S1 0.6932 PHerc0826-seed69-S2 0.5807,125,PHerc0826-seed1045-S0,0.7169,PHerc0826-seed1727-S1 0.7110,26,not measurable: no per sheet winding index in the house files
2026-09-29T14:35:30Z,R2cnative,PHerc0826-seed5364-squarecentre,27.2369,725,346 550,0,0,0,0,0,0,22.2778,593,711 549,27.9882,745,331 550,0,107096,708 912,725,5.0,3.0 11.0,0.3241,708 912,725,7.0,3.0 12.0,0.3186,PHerc0826-seed4494-S6,0.2799,0.2799,PHerc0826-seed1181-S1 0.2652 PHerc0826-seed4440-S7 0.2396,117,PHerc0826-seed1181-S1,0.2973,PHerc0826-seed4494-S6 0.2918,13,not measurable: no per sheet winding index in the house files
