"# every site where a patch id is created, recorded, written or dropped, in the growth. condition: when the line runs. consequence: what is left behind. The rows are in the order the growth reaches them."
site,built_file,built_line,upstream_file,upstream_line,statement,condition,consequence
an id is allocated,runs/rev1/seed-search-1447/scratch/src/build/corrected/simpaper10.cpp,405,runs/rev1/seed-search-1447/scratch/src/upstream/scrollreading/pipeline9/simpaper10.cpp,298,(*patches)[i+patchGenNum] = Patch();,"once per seed of the round, before the patch is grown; i runs from startingPatch and advances by the number of seeds of the round",the id exists in the in memory map only
the id is given to the grower,runs/rev1/seed-search-1447/scratch/src/build/corrected/simpaper10.cpp,412,runs/rev1/seed-search-1447/scratch/src/upstream/scrollreading/pipeline9/simpaper10.cpp,305,"steps[patchGenNum] = pg[patchGenNum]->GeneratePatch(...,i+patchGenNum,false);",always,nothing on disk yet
the id becomes a key of the alignment map,runs/rev1/seed-search-1447/scratch/src/build/corrected/simpaper10.cpp,496,runs/rev1/seed-search-1447/scratch/src/upstream/scrollreading/pipeline9/simpaper10.cpp,389,(*am)[i+patchGenNum] = std::vector<alignment>(); then push_back(a),only for an alignment that passes VarianceTest,first column of rel.csv
the id is written into the big patch,runs/rev1/seed-search-1447/scratch/src/build/corrected/simpaper10.cpp,516,runs/rev1/seed-search-1447/scratch/src/upstream/scrollreading/pipeline9/simpaper10.cpp,409,"AddToBigPatch(bp,(*patches)[i+patchGenNum],i+patchGenNum);","only when the patch was accepted, and at runs/rev1/seed-search-1447/scratch/src/build/corrected/simpaper10.cpp:428 for the first patch of the growth, which is accepted without being aligned",the id is stamped on every point of the patch in surface.bp (bigpatch.cpp:296 of the built copy) and stays there until those points are erased
"the id is dropped, no geometry",runs/rev1/seed-search-1447/scratch/src/build/corrected/simpaper10.cpp,528,runs/rev1/seed-search-1447/scratch/src/upstream/scrollreading/pipeline9/simpaper10.cpp,421,unalignedCount++; patches->erase(i+patchGenNum);,"two alignment attempts, flipped for the second, and no alignment passed","no patch file is ever written for it; it is not in the big patch either, so on its own it produces no rel.csv row"
"the id is dropped, no geometry",runs/rev1/seed-search-1447/scratch/src/build/corrected/simpaper10.cpp,535,runs/rev1/seed-search-1447/scratch/src/upstream/scrollreading/pipeline9/simpaper10.cpp,428,"printf(""Not enough growth steps""); patches->erase(i+patchGenNum);",steps < MIN_PATCH_ITERS,"as the row above: 7,947 of seed34's 36,001 ids end here or above"
geometry is written,runs/rev1/seed-search-1447/scratch/src/build/corrected/simpaper10.cpp,551,runs/rev1/seed-search-1447/scratch/src/upstream/scrollreading/pipeline9/simpaper10.cpp,445,"for(auto &p : *patches) p.second.Write(outPath(""/patches""),p.first);","once, after the whole growth: one patch_<id>.bin per surviving entry of the map","this is the only place the growth writes geometry, and a growth stopped before it leaves the patches folder empty and the big patch full"
geometry can fail to be written and nobody is told,runs/rev1/seed-search-1447/scratch/src/build/corrected/common_types.cpp,227,runs/rev1/seed-search-1447/scratch/src/upstream/scrollreading/pipeline9/common_types.cpp,207,Patch::Write returns false when fopen of patch_<i>.bin fails; the caller at runs/rev1/seed-search-1447/scratch/src/build/corrected/simpaper10.cpp:553 ignores the return value,whenever fopen fails,"an id with an alignment and no file, inside a single run; no evidence that this is what happened on seed34"
"the big patch is opened where it is found, not created empty",runs/rev1/seed-search-1447/scratch/src/build/corrected/simpaper10.cpp,326,runs/rev1/seed-search-1447/scratch/src/upstream/scrollreading/pipeline9/simpaper10.cpp,219,"BigPatch *bp = OpenBigPatch(outPath(""/surface.bp"").c_str());",every growth,"points of an earlier run into the same folder are still there, with that run's ids on them"
the numbering restarts from the in memory map alone,runs/rev1/seed-search-1447/scratch/src/build/corrected/simpaper10.cpp,329,runs/rev1/seed-search-1447/scratch/src/upstream/scrollreading/pipeline9/simpaper10.cpp,222,"startingPatch is the largest key of *patches plus one; g mode passes a map that was just allocated empty (runs/rev1/seed-search-1447/scratch/src/build/corrected/simpaper10.cpp:1005 and 1007; upstream mode g is at 704, its empty map at 711 and its call at 713)",every g run,after an interrupted growth the new run numbers from 0 again while the big patch still carries the old ids: the two numberings overlap
the alignment target is read out of the big patch,runs/rev1/seed-search-1447/scratch/src/build/corrected/bigpatch.cpp,219,runs/rev1/seed-search-1447/scratch/src/upstream/scrollreading/pipeline9/bigpatch.cpp,204,"patch = bGridPoints[i].patch; ... gridPoint(qx,qy,vx,vy,vz,patch)","every alignment of the growth, through ReadPatchPoints at align_patches.cpp:43","that id becomes the key of matchList (align_patches.cpp:255 built, 251 upstream), then currentPatch (296 built, 292 upstream), then field zero of the alignment (431 built, 424 upstream), then the second column of rel.csv"
