"# the ids the aligner named in growth-PHerc1447-seed34.txt before this run could have created them, one per row, with the round header at the first mention"
patch_id,first_named_at_round_header
12,5
15,5
80,48
81,48
82,48
84,48
87,21
88,48
91,21
93,21
95,48
100,29
101,21
103,29
105,29
106,87
108,32
109,21
110,21
112,75
113,79
114,25
115,87
116,63
117,21
118,56
119,25
120,56
121,5
122,44
123,75
124,21
126,17
127,5
129,71
131,17
132,95
133,21
134,5
136,17
137,44
139,17
140,56
141,79
142,5
144,5
145,32
147,21
148,56
150,75
151,9
152,5
153,5
154,83
155,9
156,87
157,5
158,21
159,139
161,21
162,71
163,75
164,29
165,9
166,83
167,21
169,79
170,17
171,25
173,79
176,44
178,5
179,21
181,5
182,40
183,25
184,9
185,21
186,13
187,83
188,9
189,21
190,67
192,17
193,5
194,25
196,5
198,21
200,21
201,162
202,40
203,40
204,5
205,52
208,21
209,91
210,5
211,21
212,17
214,71
216,111
218,91
220,29
221,67
223,198
224,1
225,40
226,75
228,21
229,40
230,162
231,198
232,131
233,83
234,91
236,131
237,71
238,32
240,5
241,17
243,63
245,9
247,21
248,5
249,67
250,21
251,29
252,25
253,154
255,52
257,17
258,67
259,29
260,25
261,17
262,36
264,67
265,198
266,214
268,36
269,52
270,9
272,40
273,75
274,48
276,21
277,25
278,9
279,1
280,25
281,214
282,36
283,40
284,83
285,52
286,36
287,40
288,25
289,79
291,9
292,25
293,21
294,25
295,21
297,158
298,99
299,21
301,36
302,21
303,17
304,17
305,190
306,52
307,36
308,1
310,21
312,79
313,91
314,5
316,210
317,5
318,71
319,270
320,131
321,5
322,5
323,151
324,13
325,9
326,79
328,1
329,75
331,48
332,71
333,25
334,79
335,5
336,25
337,63
338,13
339,214
341,25
343,5
344,36
345,9
346,143
347,21
349,21
350,25
351,21
352,5
353,36
355,52
356,32
357,21
358,36
360,25
361,21
362,52
363,36
365,67
367,21
368,79
369,13
370,9
371,158
372,17
373,52
375,67
377,198
378,99
379,158
380,1
381,87
382,21
383,17
385,320
387,79
389,1
390,79
391,25
392,67
394,17
396,9
397,1
398,25
399,5
400,21
401,198
403,119
405,52
406,29
407,1
408,158
409,25
410,56
411,151
412,5
413,21
414,1
415,13
416,13
417,44
419,75
420,1
422,25
426,56
427,9
428,5
429,67
430,147
431,67
432,83
434,119
435,17
436,21
437,5
438,5
440,1
441,17
442,5
443,25
444,9
445,21
446,52
450,36
452,5
453,147
456,25
457,293
458,158
459,21
460,1
461,21
462,91
463,13
464,5
465,87
466,25
468,131
469,115
471,9
472,5
474,95
476,75
478,52
479,5
480,87
481,123
482,83
483,36
484,9
486,1
487,95
488,151
491,63
492,9
493,44
494,5
495,29
496,1
497,320
498,111
499,9
501,13
502,25
503,9
504,79
505,67
506,9
507,9
508,111
509,123
510,95
512,9
513,40
514,52
515,9
516,139
517,21
518,21
519,25
520,135
521,17
522,135
523,21
524,5
525,67
526,13
528,95
529,71
530,40
531,21
532,52
533,21
534,75
535,1
536,5
537,5
538,25
539,115
541,162
542,1
543,158
544,5
545,91
546,21
547,25
548,127
551,21
552,59
553,9
554,13
555,5
556,119
557,5
558,32
559,48
560,67
562,91
563,147
564,44
566,1
567,91
568,13
570,25
571,52
572,5
573,21
574,135
575,9
576,40
577,17
578,48
581,25
582,111
583,36
584,21
585,44
586,13
589,25
591,5
592,9
593,17
594,139
596,91
597,9
598,36
599,13
600,63
601,75
602,1
603,139
