"# for each site of the orphan path: where it is upstream, where it is in the built copy, which patch of the laboratory's series touches it, and whose code the site is. verdict is upstream when the site exists and behaves the same in WillStevens' 62cbc21, ours when it exists only under a patch of this home."
site,upstream,built,patches_of_the_series_that_touch_it,verdict,note
the rel.csv writer of the growth,runs/rev1/seed-search-1447/scratch/src/upstream/scrollreading/pipeline9/simpaper10.cpp:450,runs/rev1/seed-search-1447/scratch/src/build/corrected/simpaper10.cpp:557,"performance/00001 only, and only to turn OUTPUT_DIR into outPath(); corrections/00004 adds the one line os << std::setprecision(9). Upstream already writes all thirteen fields",upstream,"the container, its keys and its values are upstream's"
OpenBigPatch on an existing folder,runs/rev1/seed-search-1447/scratch/src/upstream/scrollreading/pipeline9/simpaper10.cpp:219,runs/rev1/seed-search-1447/scratch/src/build/corrected/simpaper10.cpp:326,"performance/00001, the path expression only",upstream,
startingPatch from the in memory map,runs/rev1/seed-search-1447/scratch/src/upstream/scrollreading/pipeline9/simpaper10.cpp:222,runs/rev1/seed-search-1447/scratch/src/build/corrected/simpaper10.cpp:329,none: the lines appear in performance/00001 as context and are unchanged,upstream,
the two erases,runs/rev1/seed-search-1447/scratch/src/upstream/scrollreading/pipeline9/simpaper10.cpp:421 and 428,runs/rev1/seed-search-1447/scratch/src/build/corrected/simpaper10.cpp:528 and 535,none: context of performance/00001,upstream,
the geometry write loop and its ignored return,runs/rev1/seed-search-1447/scratch/src/upstream/scrollreading/pipeline9/simpaper10.cpp:445 and 446,runs/rev1/seed-search-1447/scratch/src/build/corrected/simpaper10.cpp:551 and 553,"performance/00001, the path expression only",upstream,"Patch::Write itself is byte identical in the two trees (upstream 175 to 215, built 195 to 235)"
the id carried from the big patch into the alignment,"runs/rev1/seed-search-1447/scratch/src/upstream/scrollreading/pipeline9/bigpatch.cpp:204 and align_patches.cpp:251, 292, 424","runs/rev1/seed-search-1447/scratch/src/build/corrected/bigpatch.cpp:219 and align_patches.cpp:255, 296, 431","none: bigpatch.cpp is changed only by the std::sort of the chunk listing added at built line 115, align_patches.cpp only at upstream 211 (built 215, the right angle test) and upstream 397 (built 404, the representative transform)",upstream,"the two corrections in align_patches change which alignments are found, not which id is written on one"
the u mode and its own rel.csv writer,not in upstream,runs/rev1/seed-search-1447/scratch/src/build/corrected/simpaper10.cpp:828 to 934,performance/00001 adds the whole mode,ours,"never called by the runner of seed-search-1447, so it wrote nothing on seed34"
one output folder per run,"upstream compiles OUTPUT_DIR in (parameters.h:2, ""d:/pipelineOutput"")","runs/rev1/seed-search-1447/scratch/src/build/corrected/common_types.cpp:11 to 27, SIMPAPER_OUTPUT_DIR",performance/00001,ours,"it changes which folder is reused, not whether a folder is reused: with upstream's compiled constant every run of g writes into the same folder, so an interrupted growth followed by another is upstream's default case, not an arrangement of ours"
