"# written by area-0826-90/tools/stevens_method.py at 2026-09-27T18:55:20Z: PHerc0826 components (delivered sheets C40/patch_<k>.bin of each seed) measured as Stevens' 365 is: cells x step_i_mm x step_j_mm per component from chain-0826/evidence/squares-<seed>.csv (square.py), summed per growth run and over runs, every overlap counted, not cleaned, not deduplicated; his ten components with the same function beside"
run,components,sum_components_cm2,largest_component_cm2
PHerc0826-seed69,10,62.4807,11.5615
PHerc0826-seed109,10,10.7364,2.4035
PHerc0826-seed237,10,24.3063,3.7790
PHerc0826-seed300,10,61.2373,12.2250
PHerc0826-seed314,10,26.7654,19.9080
PHerc0826-seed321,10,77.2510,17.2721
PHerc0826-seed485,10,59.4196,12.6950
PHerc0826-seed633,10,64.9090,17.8726
PHerc0826-seed653,10,10.4613,2.1488
PHerc0826-seed782,10,90.3985,31.8883
PHerc0826-seed958,10,87.1905,14.8407
PHerc0826-seed966,10,9.0676,2.1356
PHerc0826-seed1045,10,64.9299,19.1177
PHerc0826-seed1181,10,76.8202,16.0376
PHerc0826-seed1247,10,23.5188,7.6329
PHerc0826-seed1278,10,88.7180,16.6476
PHerc0826-seed1383,10,71.3659,24.9655
PHerc0826-seed1436,10,44.8196,14.2567
PHerc0826-seed1450,10,40.2760,7.3923
PHerc0826-seed1595,10,65.3742,18.7358
PHerc0826-seed1700,10,21.0082,3.3882
PHerc0826-seed1711,10,13.9044,2.8751
PHerc0826-seed1722,10,51.7952,10.4108
PHerc0826-seed1727,10,77.1419,17.5919
PHerc0826-seed1788,10,58.6350,15.7717
PHerc0826-seed1948,10,16.7835,2.9295
PHerc0826-seed2004,10,18.3099,3.3726
PHerc0826-seed2019,10,94.5414,15.8075
PHerc0826-seed2193,10,69.7976,15.2891
PHerc0826-seed2259,10,59.5523,24.4245
PHerc0826-seed2427,10,63.6150,33.1978
PHerc0826-seed2441,10,66.2115,14.1315
PHerc0826-seed2453,10,55.7832,14.3010
PHerc0826-seed2531,10,39.4714,27.0239
PHerc0826-seed2532,10,30.0184,10.3414
PHerc0826-seed2775,10,57.1924,9.5383
PHerc0826-seed2883,10,54.7507,8.1392
PHerc0826-seed2904,10,42.4552,9.8254
PHerc0826-seed2939,10,88.8578,19.8640
PHerc0826-seed2974,10,25.3295,3.7609
PHerc0826-seed3149,10,63.2785,10.7780
PHerc0826-seed3412,10,44.5045,29.3674
PHerc0826-seed3490,10,55.5081,17.8334
PHerc0826-seed3509,10,15.4723,3.7082
PHerc0826-seed3607,10,77.6871,15.8373
PHerc0826-seed3839,10,62.9750,13.5241
PHerc0826-seed3880,10,20.1783,9.7767
PHerc0826-seed3911,10,68.7074,15.1996
PHerc0826-seed3950,10,58.2364,21.4666
PHerc0826-seed4009,10,79.8695,12.9546
PHerc0826-seed4058,10,52.7094,20.3594
PHerc0826-seed4391,10,46.6873,35.0708
PHerc0826-seed4440,10,71.0846,18.3251
PHerc0826-seed4490,10,12.5468,4.2362
PHerc0826-seed4494,10,73.0915,16.9346
PHerc0826-seed4595,10,16.3252,4.2359
PHerc0826-seed4732,10,80.1615,12.3300
PHerc0826-seed4813,10,69.9341,11.5524
PHerc0826-seed4868,10,91.3015,18.4008
PHerc0826-seed4960,10,11.6565,2.2311
PHerc0826-seed5171,10,36.0869,13.8950
PHerc0826-seed5198,10,24.1775,17.4971
PHerc0826-seed5262,10,48.4994,25.7470
PHerc0826-seed5349,10,42.0976,15.8915
PHerc0826-seed5382,10,77.1414,17.1218
PHerc0826-seed5608,10,45.2532,18.8925
PHerc0826-seed5611,10,62.9204,13.2528
PHerc0826-seed5630,10,93.4564,16.6749
PHerc0826-seed5649,10,8.9864,2.3416
PHerc0826-seed5702,10,16.9307,6.6308
PHerc0826-seed5770,10,15.3453,4.3477
PHerc0826-seed6013,10,83.6046,16.2983
PHerc0826-seed6181,10,64.4022,13.8038
PHerc0826-seed6209,10,15.7653,2.7032
PHerc0826-seed6206,10,52.7609,30.9036
PHerc0826-seed6237,10,22.8591,3.6123
PHerc0826-seed6343,10,90.2546,12.9765
PHerc0826-seed6346,10,49.3856,9.3577
PHerc0826-seed6365,10,101.3992,18.5753
PHerc0826-seed6376,10,89.6625,11.7525
sum over 80 growth runs,800,4178.1052,
largest single growth run,PHerc0826-seed6365,101.3992,
"Stevens PHerc1667, one run, ten components (reference)",10,363.8629,134.6077
