"# written by area-0826-90/tools/traced_sum.py at 2026-09-27T18:55:26Z: known reference: pipeline/tools/traced_area.py patch_files, spacing and union_cells imported and run on chain-0826/out/<seed>/sheets, voxel 9.362 um from voxel.py; against evidence/area-<seed>.csv and the traced_area_mm2 column of per-seed-queue.csv"
seed,files,points,spacing_vox,traced_area_mm2_here,area_csv_traced_area_mm2,queue_traced_area_mm2,equal
PHerc0826-seed69,10,4467762,3.9917,5469.1,5469.1,5469.1,yes
PHerc0826-seed109,10,769167,3.9913,943.6,943.6,943.6,yes
PHerc0826-seed237,10,1738605,3.9925,2122.7,2122.7,2122.7,yes
PHerc0826-seed300,10,4379014,3.9922,5342.1,5342.1,5342.1,yes
PHerc0826-seed314,10,1912442,3.9943,2331.8,2331.8,2331.8,yes
PHerc0826-seed321,10,5523252,3.991,6675.5,6675.5,6675.5,yes
PHerc0826-seed485,10,4251357,3.9916,5223.5,5223.5,5223.5,yes
PHerc0826-seed633,10,4640127,3.9906,5794.6,5794.6,5794.6,yes
PHerc0826-seed653,10,748457,3.9927,905.6,905.6,905.6,yes
PHerc0826-seed782,10,6462613,3.9963,7898.5,7898.5,7898.5,yes
PHerc0826-seed958,10,6233181,3.9912,7480.2,7480.2,7480.2,yes
PHerc0826-seed966,10,648557,3.9902,799.1,799.1,799.1,yes
PHerc0826-seed1045,10,4644405,3.992,5629.8,5629.8,5629.8,yes
PHerc0826-seed1181,10,5493013,3.9952,6600.1,6600.1,6600.1,yes
PHerc0826-seed1247,10,1681852,3.994,2045.7,2045.7,2045.7,yes
PHerc0826-seed1278,10,6342569,3.9904,7665.9,7665.9,7665.9,yes
PHerc0826-seed1383,10,5103635,3.9947,6113.0,6113.0,6113.0,yes
PHerc0826-seed1436,10,3203118,3.9922,3878.2,3878.2,3878.2,yes
PHerc0826-seed1450,10,2881308,3.9899,3410.8,3410.8,3410.8,yes
PHerc0826-seed1595,10,4674321,3.9945,5688.4,5688.4,5688.4,yes
PHerc0826-seed1700,10,1502828,3.9932,1848.6,1848.6,1848.6,yes
PHerc0826-seed1711,10,994775,3.9901,1217.6,1217.6,1217.6,yes
PHerc0826-seed1722,10,3705029,3.9907,4627.3,4627.3,4627.3,yes
PHerc0826-seed1727,10,5516706,3.9959,6840.5,6840.5,6840.5,yes
PHerc0826-seed1788,10,4194643,3.9905,5247.4,5247.4,5247.4,yes
PHerc0826-seed1948,10,1200630,3.9922,1454.0,1454.0,1454.0,yes
PHerc0826-seed2004,10,1309171,3.9941,1583.4,1583.4,1583.4,yes
PHerc0826-seed2019,10,6756126,3.9935,8203.9,8203.9,8203.9,yes
PHerc0826-seed2193,10,4990668,3.9903,6110.5,6110.5,6110.5,yes
PHerc0826-seed2259,10,4255492,3.9945,5153.1,5153.1,5153.1,yes
PHerc0826-seed2427,10,4560007,3.9885,5509.6,5509.6,5509.6,yes
PHerc0826-seed2441,10,4735510,3.991,5737.2,5737.2,5737.2,yes
PHerc0826-seed2453,10,3988901,3.9954,4868.4,4868.4,4868.4,yes
PHerc0826-seed2531,10,2828603,3.9889,3137.0,3137.0,3137.0,yes
PHerc0826-seed2532,10,2148212,3.9911,2605.4,2605.4,2605.4,yes
PHerc0826-seed2775,10,4089915,3.9907,4998.4,4998.4,4998.4,yes
PHerc0826-seed2883,10,3915731,3.9918,4784.2,4784.2,4784.2,yes
PHerc0826-seed2904,10,3036087,3.994,3712.1,3712.1,3712.1,yes
PHerc0826-seed2939,10,6348450,3.9924,7655.3,7655.3,7655.3,yes
PHerc0826-seed2974,10,1811128,3.9914,2191.1,2191.1,2191.1,yes
PHerc0826-seed3149,10,4524834,3.9911,5558.9,5558.9,5558.9,yes
PHerc0826-seed3412,10,3189980,3.9881,3722.3,3722.3,3722.3,yes
PHerc0826-seed3490,10,3964932,3.99,4717.1,4717.1,4717.1,yes
PHerc0826-seed3509,10,1107414,3.9912,1341.3,1341.3,1341.3,yes
PHerc0826-seed3607,10,5551138,3.9932,6655.0,6655.0,6655.0,yes
PHerc0826-seed3839,10,4503353,3.9875,5540.4,5540.4,5540.4,yes
PHerc0826-seed3880,10,1446713,3.9887,1657.0,1657.0,1657.0,yes
PHerc0826-seed3911,10,4912800,3.99,6131.1,6131.1,6131.1,yes
PHerc0826-seed3950,10,4164179,3.9929,5159.8,5159.8,5159.8,yes
PHerc0826-seed4009,10,5709548,3.9942,6877.0,6877.0,6877.0,yes
PHerc0826-seed4058,10,3776410,3.9858,4326.8,4326.8,4326.8,yes
PHerc0826-seed4391,10,3347363,3.9895,3820.0,3820.0,3820.0,yes
PHerc0826-seed4440,10,5081744,3.9929,6261.0,6261.0,6261.0,yes
PHerc0826-seed4490,10,897989,3.9916,1080.1,1080.1,1080.1,yes
PHerc0826-seed4494,10,5226208,3.9922,6387.9,6387.9,6387.9,yes
PHerc0826-seed4595,10,1167687,3.9953,1422.5,1422.5,1422.5,yes
PHerc0826-seed4732,10,5729999,3.9939,6990.7,6990.7,6990.7,yes
PHerc0826-seed4813,10,4999049,3.9907,6107.2,6107.2,6107.2,yes
PHerc0826-seed4868,10,6525322,3.994,7968.5,7968.5,7968.5,yes
PHerc0826-seed4960,10,834220,3.9922,1038.8,1038.8,1038.8,yes
PHerc0826-seed5171,10,2580470,3.9924,3119.4,3119.4,3119.4,yes
PHerc0826-seed5198,10,1731594,3.9875,2120.7,2120.7,2120.7,yes
PHerc0826-seed5262,10,3474135,3.9871,3920.8,3920.8,3920.8,yes
PHerc0826-seed5349,10,3008731,3.9942,3658.4,3658.4,3658.4,yes
PHerc0826-seed5382,10,5510746,3.993,6529.2,6529.2,6529.2,yes
PHerc0826-seed5608,10,3241188,3.9839,3894.0,3894.0,3894.0,yes
PHerc0826-seed5611,10,4498575,3.9932,5462.3,5462.3,5462.3,yes
PHerc0826-seed5630,10,6684645,3.9898,8161.4,8161.4,8161.4,yes
PHerc0826-seed5649,10,642574,3.9961,787.7,787.7,787.7,yes
PHerc0826-seed5702,10,1210811,3.9925,1505.1,1505.1,1505.1,yes
PHerc0826-seed5770,10,1097181,3.9968,1305.3,1305.3,1305.3,yes
PHerc0826-seed6013,10,5977608,3.9901,7279.2,7279.2,7279.2,yes
PHerc0826-seed6181,10,4603461,3.9964,5673.8,5673.8,5673.8,yes
PHerc0826-seed6209,10,1128643,3.9903,1347.8,1347.8,1347.8,yes
PHerc0826-seed6206,10,3778122,3.994,4409.1,4409.1,4409.1,yes
PHerc0826-seed6237,10,1634570,3.9916,1968.8,1968.8,1968.8,yes
PHerc0826-seed6343,10,6447723,3.993,7711.2,7711.2,7711.2,yes
PHerc0826-seed6346,10,3530476,3.9923,4212.3,4212.3,4212.3,yes
PHerc0826-seed6365,10,7249044,3.9935,8703.2,8703.2,8703.2,yes
PHerc0826-seed6376,10,6407242,3.9892,7773.0,7773.0,7773.0,yes
"sum over 80 seeds, no dedup between seeds, cm2",,,,3618.0930,,3618.0930,yes
