# written by render-routes-0826/tools/three_defs.py at 2026-09-30T00:44:39Z: per R2 row the largest square under three definitions, read from square-checks.csv (a), square-checks-article.csv (b), square-checks-adjudicated.csv (c) and crossing-pairs.csv (partners and verdicts from this row's side; tie = both flagged by the rule)
route,surface,a_certified_this_study_mm,b_certified_article_mm,c_certified_adjudicated_mm,a_exceeds_29_8961,b_exceeds_29_8961,c_exceeds_29_8961,crossing_pairs,pairs_flagged,pairs_tied,partners_and_verdicts
R2bnative,PHerc0826-seed6729-squarecentre,18.6396,18.6396,18.6396,no,no,no,6,1,3,R2bnative PHerc0826-seed6733-squarecentre: kept; R2cnative PHerc0826-seed6273-squarecentre: tie (no 800 sheet in the region); R2dnative PHerc0826-seed1727-S0-sq: tie (no 800 sheet in the region); R2dnative PHerc0826-seed6475-S0-sq: flagged; R2dnative PHerc0826-seed6729-S2-sq: kept; R2bnative PHerc0826-seed5364-seedpoint: tie (no 800 sheet in the region)
R2bnative,PHerc0826-seed6729-seedpoint,15.5411,15.5411,15.5411,no,no,no,11,8,1,R2bnative PHerc0826-seed6733-seedpoint: kept; R2cnative PHerc0826-seed6273-squarecentre: flagged; R2cnative PHerc0826-seed5364-squarecentre: kept; R2dnative PHerc0826-seed1727-S0-sq: flagged; R2dnative PHerc0826-seed6475-S0-sq: flagged; R2dnative PHerc0826-seed6732-S4-sq: flagged; R2dnative PHerc0826-seed2604-S0-sq: tie (no 800 sheet in the region); R2dnative PHerc0826-seed4440-S1-sq: flagged; R2dnative PHerc0826-seed6729-S2-sq: flagged; R2dnative PHerc0826-seed6733-S9-sq: flagged; R2bnative PHerc0826-seed6273-seedpoint: flagged
R2bnative,PHerc0826-seed5364-squarecentre,24.4046,24.4047,24.4047,no,no,no,2,0,1,R2bnative PHerc0826-seed6733-squarecentre: tie (no 800 sheet in the region); R2dnative PHerc0826-seed1727-S0-sq: kept
R2bnative,PHerc0826-seed5364-seedpoint,22.7255,22.7256,18.1130,no,no,no,11,5,4,R2bnative PHerc0826-seed6729-squarecentre: tie (no 800 sheet in the region); R2bnative PHerc0826-seed6273-seedpoint: flagged; R2bnative PHerc0826-seed6273-squarecentre: tie (no 800 sheet in the region); R2cnative PHerc0826-seed6273-squarecentre: tie (no 800 sheet in the region); R2dnative PHerc0826-seed1727-S0-sq: flagged; R2dnative PHerc0826-seed6475-S0-sq: flagged; R2dnative PHerc0826-seed6732-S4-sq: kept; R2dnative PHerc0826-seed2604-S0-sq: flagged; R2dnative PHerc0826-seed4440-S1-sq: kept; R2dnative PHerc0826-seed6729-S2-sq: tie (no 800 sheet in the region); R2dnative PHerc0826-seed6733-S9-sq: flagged
R2bnative,PHerc0826-seed6733-seedpoint,16.2795,16.2793,16.2793,no,no,no,11,10,0,R2bnative PHerc0826-seed6729-seedpoint: flagged; R2cnative PHerc0826-seed6273-squarecentre: flagged; R2cnative PHerc0826-seed5364-squarecentre: flagged; R2dnative PHerc0826-seed1727-S0-sq: flagged; R2dnative PHerc0826-seed6475-S0-sq: kept; R2dnative PHerc0826-seed6732-S4-sq: flagged; R2dnative PHerc0826-seed2604-S0-sq: flagged; R2dnative PHerc0826-seed4440-S1-sq: flagged; R2dnative PHerc0826-seed6729-S2-sq: flagged; R2dnative PHerc0826-seed6733-S9-sq: flagged; R2bnative PHerc0826-seed6273-seedpoint: flagged
R2bnative,PHerc0826-seed6733-squarecentre,19.5866,19.5865,19.5865,no,no,no,11,2,6,R2bnative PHerc0826-seed5364-squarecentre: tie (no 800 sheet in the region); R2bnative PHerc0826-seed6729-squarecentre: flagged; R2cnative PHerc0826-seed6273-squarecentre: tie (no 800 sheet in the region); R2cnative PHerc0826-seed5364-squarecentre: tie (no 800 sheet in the region); R2dnative PHerc0826-seed1727-S0-sq: kept; R2dnative PHerc0826-seed6475-S0-sq: kept; R2dnative PHerc0826-seed2604-S0-sq: tie (no 800 sheet in the region); R2dnative PHerc0826-seed4440-S1-sq: kept; R2dnative PHerc0826-seed6729-S2-sq: tie (no 800 sheet in the region); R2dnative PHerc0826-seed6733-S9-sq: flagged; R2bnative PHerc0826-seed6273-squarecentre: tie (no 800 sheet in the region)
R2bnative,PHerc0826-seed2715-seedpoint,25.1612,25.1612,25.1612,no,no,no,0,0,0,none
R2bnative,PHerc0826-seed2715-squarecentre,23.4126,23.4125,23.4125,no,no,no,2,0,2,R2dnative PHerc0826-seed6732-S4-sq: tie (no 800 sheet in the region); R2dnative PHerc0826-seed6733-S9-sq: tie (no 800 sheet in the region)
R2bnative,PHerc0826-seed6273-seedpoint,26.6068,26.6065,23.6836,no,no,no,11,2,2,R2bnative PHerc0826-seed5364-seedpoint: kept; R2bnative PHerc0826-seed6729-seedpoint: kept; R2bnative PHerc0826-seed6733-seedpoint: kept; R2cnative PHerc0826-seed5364-squarecentre: kept; R2dnative PHerc0826-seed1727-S0-sq: flagged; R2dnative PHerc0826-seed6475-S0-sq: kept; R2dnative PHerc0826-seed6732-S4-sq: kept; R2dnative PHerc0826-seed2604-S0-sq: kept; R2dnative PHerc0826-seed4440-S1-sq: flagged; R2dnative PHerc0826-seed6729-S2-sq: tie (no 800 sheet in the region); R2dnative PHerc0826-seed6733-S9-sq: tie (no 800 sheet in the region)
R2bnative,PHerc0826-seed6273-squarecentre,30.0063,30.0063,27.8710,yes,yes,no,6,0,3,R2bnative PHerc0826-seed5364-seedpoint: tie (no 800 sheet in the region); R2bnative PHerc0826-seed6733-squarecentre: tie (no 800 sheet in the region); R2dnative PHerc0826-seed1727-S0-sq: kept; R2dnative PHerc0826-seed6475-S0-sq: kept; R2dnative PHerc0826-seed4440-S1-sq: kept; R2dnative PHerc0826-seed6733-S9-sq: tie (no 800 sheet in the region)
R2cnative,PHerc0826-seed6273-squarecentre,29.8961,28.2790,28.1285,no,no,no,13,3,3,R2bnative PHerc0826-seed6729-squarecentre: tie (no 800 sheet in the region); R2bnative PHerc0826-seed6729-seedpoint: kept; R2bnative PHerc0826-seed5364-seedpoint: tie (no 800 sheet in the region); R2bnative PHerc0826-seed6733-seedpoint: kept; R2bnative PHerc0826-seed6733-squarecentre: tie (no 800 sheet in the region); R2dnative PHerc0826-seed1727-S0-sq: flagged; R2dnative PHerc0826-seed6475-S0-sq: kept; R2dnative PHerc0826-seed6732-S4-sq: flagged; R2dnative PHerc0826-seed2604-S0-sq: kept; R2dnative PHerc0826-seed4440-S1-sq: kept; R2dnative PHerc0826-seed6729-S2-sq: kept; R2dnative PHerc0826-seed6733-S9-sq: flagged; R2cnative PHerc0826-seed5364-squarecentre: kept
R2cnative,PHerc0826-seed5364-squarecentre,27.2369,24.0435,23.4049,no,no,no,12,9,1,R2bnative PHerc0826-seed6729-seedpoint: flagged; R2bnative PHerc0826-seed6733-seedpoint: kept; R2bnative PHerc0826-seed6733-squarecentre: tie (no 800 sheet in the region); R2bnative PHerc0826-seed6273-seedpoint: flagged; R2cnative PHerc0826-seed6273-squarecentre: flagged; R2dnative PHerc0826-seed1727-S0-sq: flagged; R2dnative PHerc0826-seed6475-S0-sq: flagged; R2dnative PHerc0826-seed6732-S4-sq: flagged; R2dnative PHerc0826-seed2604-S0-sq: flagged; R2dnative PHerc0826-seed4440-S1-sq: flagged; R2dnative PHerc0826-seed6729-S2-sq: kept; R2dnative PHerc0826-seed6733-S9-sq: flagged
R2dnative,PHerc0826-seed1727-S0-sq,27.9361,27.9365,27.9365,no,no,no,17,5,2,R2bnative PHerc0826-seed5364-squarecentre: flagged; R2bnative PHerc0826-seed6729-squarecentre: tie (no 800 sheet in the region); R2bnative PHerc0826-seed6729-seedpoint: kept; R2bnative PHerc0826-seed5364-seedpoint: kept; R2bnative PHerc0826-seed6733-seedpoint: kept; R2bnative PHerc0826-seed6733-squarecentre: flagged; R2bnative PHerc0826-seed6273-squarecentre: flagged; R2bnative PHerc0826-seed6273-seedpoint: kept; R2cnative PHerc0826-seed6273-squarecentre: kept; R2cnative PHerc0826-seed5364-squarecentre: kept; R2dnative PHerc0826-seed6475-S0-sq: kept; R2dnative PHerc0826-seed6732-S4-sq: kept; R2dnative PHerc0826-seed2604-S0-sq: kept; R2dnative PHerc0826-seed4440-S1-sq: flagged; R2dnative PHerc0826-seed6729-S2-sq: kept; R2dnative PHerc0826-seed6733-S9-sq: flagged; R2dnative PHerc0826-seed2715-S0-sq: tie (no 800 sheet in the region)
R2dnative,PHerc0826-seed6475-S0-sq,18.2094,18.2093,17.2707,no,no,no,15,10,0,R2bnative PHerc0826-seed6729-squarecentre: kept; R2bnative PHerc0826-seed6729-seedpoint: kept; R2bnative PHerc0826-seed5364-seedpoint: kept; R2bnative PHerc0826-seed6733-seedpoint: flagged; R2bnative PHerc0826-seed6733-squarecentre: flagged; R2bnative PHerc0826-seed6273-squarecentre: flagged; R2bnative PHerc0826-seed6273-seedpoint: flagged; R2cnative PHerc0826-seed6273-squarecentre: flagged; R2cnative PHerc0826-seed5364-squarecentre: kept; R2dnative PHerc0826-seed1727-S0-sq: flagged; R2dnative PHerc0826-seed6732-S4-sq: flagged; R2dnative PHerc0826-seed6729-S2-sq: flagged; R2dnative PHerc0826-seed6733-S9-sq: flagged; R2dnative PHerc0826-seed2604-S0-sq: flagged; R2dnative PHerc0826-seed4440-S1-sq: kept
R2dnative,PHerc0826-seed6732-S4-sq,25.7710,25.7711,25.7711,no,no,no,13,7,1,R2bnative PHerc0826-seed6729-seedpoint: kept; R2bnative PHerc0826-seed5364-seedpoint: flagged; R2bnative PHerc0826-seed6733-seedpoint: kept; R2bnative PHerc0826-seed2715-squarecentre: tie (no 800 sheet in the region); R2bnative PHerc0826-seed6273-seedpoint: flagged; R2cnative PHerc0826-seed6273-squarecentre: kept; R2cnative PHerc0826-seed5364-squarecentre: kept; R2dnative PHerc0826-seed1727-S0-sq: flagged; R2dnative PHerc0826-seed6475-S0-sq: kept; R2dnative PHerc0826-seed2604-S0-sq: flagged; R2dnative PHerc0826-seed6733-S9-sq: flagged; R2dnative PHerc0826-seed6729-S2-sq: flagged; R2dnative PHerc0826-seed4440-S1-sq: flagged
R2dnative,PHerc0826-seed2604-S0-sq,29.8314,29.8316,27.2799,no,no,no,14,5,2,R2bnative PHerc0826-seed6729-seedpoint: tie (no 800 sheet in the region); R2bnative PHerc0826-seed5364-seedpoint: kept; R2bnative PHerc0826-seed6733-seedpoint: kept; R2bnative PHerc0826-seed6733-squarecentre: tie (no 800 sheet in the region); R2bnative PHerc0826-seed6273-seedpoint: flagged; R2cnative PHerc0826-seed6273-squarecentre: flagged; R2cnative PHerc0826-seed5364-squarecentre: kept; R2dnative PHerc0826-seed1727-S0-sq: flagged; R2dnative PHerc0826-seed6475-S0-sq: kept; R2dnative PHerc0826-seed6732-S4-sq: kept; R2dnative PHerc0826-seed4440-S1-sq: kept; R2dnative PHerc0826-seed6729-S2-sq: flagged; R2dnative PHerc0826-seed6733-S9-sq: flagged; R2dnative PHerc0826-seed2715-S0-sq: kept
R2dnative,PHerc0826-seed4440-S1-sq,27.9028,27.9030,24.7901,no,no,no,14,7,0,R2bnative PHerc0826-seed6729-seedpoint: kept; R2bnative PHerc0826-seed5364-seedpoint: flagged; R2bnative PHerc0826-seed6733-seedpoint: kept; R2bnative PHerc0826-seed6733-squarecentre: flagged; R2bnative PHerc0826-seed6273-squarecentre: flagged; R2bnative PHerc0826-seed6273-seedpoint: kept; R2cnative PHerc0826-seed6273-squarecentre: flagged; R2cnative PHerc0826-seed5364-squarecentre: kept; R2dnative PHerc0826-seed1727-S0-sq: kept; R2dnative PHerc0826-seed2604-S0-sq: flagged; R2dnative PHerc0826-seed6475-S0-sq: flagged; R2dnative PHerc0826-seed6732-S4-sq: kept; R2dnative PHerc0826-seed6729-S2-sq: flagged; R2dnative PHerc0826-seed6733-S9-sq: kept
R2dnative,PHerc0826-seed6729-S2-sq,32.7761,30.7156,27.6815,yes,yes,no,15,4,4,R2bnative PHerc0826-seed6729-squarecentre: flagged; R2bnative PHerc0826-seed6729-seedpoint: kept; R2bnative PHerc0826-seed5364-seedpoint: tie (no 800 sheet in the region); R2bnative PHerc0826-seed6733-seedpoint: kept; R2bnative PHerc0826-seed6733-squarecentre: tie (no 800 sheet in the region); R2bnative PHerc0826-seed6273-seedpoint: tie (no 800 sheet in the region); R2cnative PHerc0826-seed6273-squarecentre: flagged; R2cnative PHerc0826-seed5364-squarecentre: flagged; R2dnative PHerc0826-seed1727-S0-sq: flagged; R2dnative PHerc0826-seed6475-S0-sq: kept; R2dnative PHerc0826-seed2604-S0-sq: kept; R2dnative PHerc0826-seed6732-S4-sq: kept; R2dnative PHerc0826-seed6733-S9-sq: kept; R2dnative PHerc0826-seed4440-S1-sq: kept; R2dnative PHerc0826-seed2715-S0-sq: tie (no 800 sheet in the region)
R2dnative,PHerc0826-seed6733-S9-sq,28.1929,26.2437,27.3309,no,no,no,16,2,4,R2bnative PHerc0826-seed6729-seedpoint: kept; R2bnative PHerc0826-seed5364-seedpoint: kept; R2bnative PHerc0826-seed6733-seedpoint: kept; R2bnative PHerc0826-seed6733-squarecentre: kept; R2bnative PHerc0826-seed2715-squarecentre: tie (no 800 sheet in the region); R2bnative PHerc0826-seed6273-squarecentre: tie (no 800 sheet in the region); R2bnative PHerc0826-seed6273-seedpoint: tie (no 800 sheet in the region); R2cnative PHerc0826-seed6273-squarecentre: kept; R2cnative PHerc0826-seed5364-squarecentre: kept; R2dnative PHerc0826-seed1727-S0-sq: kept; R2dnative PHerc0826-seed6475-S0-sq: kept; R2dnative PHerc0826-seed2604-S0-sq: kept; R2dnative PHerc0826-seed6732-S4-sq: kept; R2dnative PHerc0826-seed6729-S2-sq: flagged; R2dnative PHerc0826-seed4440-S1-sq: flagged; R2dnative PHerc0826-seed2715-S0-sq: tie (no 800 sheet in the region)
R2dnative,PHerc0826-seed2715-S0-sq,41.9669,41.9664,41.9664,yes,yes,yes,4,1,3,R2dnative PHerc0826-seed1727-S0-sq: tie (no 800 sheet in the region); R2dnative PHerc0826-seed2604-S0-sq: flagged; R2dnative PHerc0826-seed6729-S2-sq: tie (no 800 sheet in the region); R2dnative PHerc0826-seed6733-S9-sq: tie (no 800 sheet in the region)
