"# one row per seed of the ten of DECLARATION.md, the ten drawn seeds of PHerc. 1447 that were still growing when seed-ladder-1447 stopped them at its cap of 120 seconds, grown here to the end with simpaper10 g 36000 and delivered with c, l, vm 10, hm 10, fm 30 10 at SIMPAPER_PATCH_LIMIT 40000. The voxel is 8.640 um, this scroll's own value from pipeline/datasets/manifests/PHerc1447.json through pipeline/datasets/voxel.py, never the 9.362 um of PHerc0139. square_mm_min_step is the side of the exact largest axis aligned fully covered square of a delivered sheet, in millimetres with the smaller of that sheet's two measured cell steps, and the column here is the largest of that over the sheets of the seed. A seed whose growth returned non zero carries not measurable in every measured column and is counted apart, never folded into a median with the seeds that finished. From 2026-09-23 the last eight columns are the seed rule of the director, 2026-09-23T19:14:15Z, copied from seeds-at-scale-1447/evidence/seed-rule.csv group delivered-22-september-1447 (seeds-at-scale-1447/tools/seed_rule_check.py): passes_seed_rule is yes only when the voxel and its six neighbours are 255, the raw masked scan is grey at the point and the prediction chunk holds at most 0.5 of 255; a seed that fails it grew in air and is named so."
attempt,seed_x,seed_y,seed_z,binary_sha256,binary_matches_the_ladder,growth_return_code,growth_wall_clock_seconds,growth_finished_by_itself,growth_patches,growth_rel_csv_lines,growth_absent_chunks,downstream_return_code,growth_runner,downstream_runner,downstream_wall_clock_seconds,delivered_sheets,sheets_measured,voxel_um,largest_square_mm_min_step,largest_square_on_sheet,sheets_reaching_20mm,traced_area_mm2,in_the_distribution,why_not_in_the_distribution,seed_rule_xyz_equal,pred_chunk_share_255,test_share_at_most_0_5,raw_chunk_status,raw_at_seed,test_raw_grey,passes_seed_rule,on_papyrus_or_in_air
PHerc1447-seed01,3218,3258,12307,f4a9b433ce402d104d51779be12deafb29d26b7663f34ea7dfc80b05c9ee4655,yes,0,2922,yes,11060,25505,0,0,run_seed_v3.sh,run_seed_v3.sh,51,10,10,8.64,10.3909,3,0,6704.0,yes,,yes,0.1937,yes,present,126,yes,yes,on papyrus
PHerc1447-seed11,6165,3936,6168,84680f43ec56ca43cb412de7afa31fda31e27dc82c7a5a9abcd939b97764eca4,yes,3,7888,no,26947,457647,70832,0,run_seed_v3.sh,c-stage-cost arm c2,not measurable,not measurable,not measurable,8.64,not measurable,not measurable,not measurable,not measurable,no,the growth returned 3 and did not finish,yes,0.9903,no,"absent (404, masked away)",not measurable,no,no,in air
PHerc1447-seed15,3940,3107,9278,967233c2dc721811d0ee13e9350bbd43e4eff447b97468e6f0293012d8a7af0d,yes,0,3007,yes,11404,26476,0,0,run_seed_v3.sh,run_seed_v3.sh,58,10,10,8.64,11.3635,2,0,7835.1,yes,,yes,0.2448,yes,present,98,yes,yes,on papyrus
PHerc1447-seed26,2464,2411,12410,aef6fc01e90672feccc414dfd966be3a8e8024e7c4bb36884579fa13736d77ce,yes,0,2400,yes,9512,21436,0,0,run_seed_v3.sh,run_seed_v3.sh,43,10,10,8.64,12.7244,2,0,6367.1,yes,,yes,0.1974,yes,present,74,yes,yes,on papyrus
PHerc1447-seed34,6213,2387,21692,340d157c34ee73079f335ce6c332becf14b8fcdd56934e3a251cedfd3c108195,yes,0,10075,yes,28054,505213,0,0,run_seed_v3.sh,c-stage-cost arm c2,not measurable,10,10,8.64,5.2008,0,0,676.8,yes,,yes,0.9862,no,"absent (404, masked away)",not measurable,no,no,in air
PHerc1447-seed35,37,3936,830,bbb2f82a973ca5196d22653773f654bd0943c3cf02a7a3f541501564334bf331,yes,0,8701,yes,20404,384333,0,0,run_seed_v3.sh,c-stage-cost arm c2,not measurable,10,10,8.64,7.6721,0,0,689.1,yes,,yes,0.4965,yes,"absent (404, masked away)",not measurable,no,no,in air
PHerc1447-seed38,2325,7080,20898,188f22c442c9d0cc7c01dd1331f7c715a03ab2727c7b86cf10fc1128e35b6f9f,yes,0,7287,yes,22205,304256,0,0,run_seed_v3.sh,finish_seed.sh,not measurable,10,10,8.64,9.2948,1,0,1898.5,yes,,yes,0.9973,no,"absent (404, masked away)",not measurable,no,no,in air
PHerc1447-seed40,6958,2309,10940,ab5ef13fb28c47d6d8dd9403690de64f0887cdad2b7e5fdd61030ef82fdddf2d,yes,0,6136,yes,14959,230513,0,0,run_seed_v3.sh,finish_seed.sh,not measurable,10,10,8.64,6.8420,0,0,912.5,yes,,yes,0.9936,no,"absent (404, masked away)",not measurable,no,no,in air
PHerc1447-seed44,3950,5552,23815,068f8d7f1c81b838861425864cbad935d6388f3eef1e95a8915dd1c8d14840ea,yes,0,9097,yes,28444,468938,not measurable,0,regrow_seed44.sh,c-stage-cost arm c2,1,10,10,8.64,11.1968,0,0,4292.4,yes,,yes,0.9995,no,"absent (404, masked away)",not measurable,no,no,in air
PHerc1447-seed48,3116,2315,6960,3eac864c706774e81f464e3b86d6e04aaf393c953a2a9c33e0a3591c15ea8bb6,yes,0,7675,yes,18463,284922,0,0,run_seed_v3.sh,finish_seed.sh,not measurable,10,10,8.64,5.6329,1,0,679.6,yes,,yes,0.7073,no,"absent (404, masked away)",not measurable,no,no,in air
