"# written by patch-filter-harness-1447/tools/identity_compare.py: rerun stevens-remedy-half-on/scratch/identity-off/PHerc1447-seed262 with an empty drop list against seeds-at-scale-1447/out/PHerc1447-seed262/C40 and evidence/squares-PHerc1447-seed262.csv, area-PHerc1447-seed262.csv. delivered and rerun are sha256 (or square_mm_min_step for squares_row)."
kind,item,delivered,rerun,equal,note
sheet,patch_0.bin,fc415a24c6504f99fd2841c816b57b11dd70d3ecbcc41cabb64e33568091da15,fc415a24c6504f99fd2841c816b57b11dd70d3ecbcc41cabb64e33568091da15,yes,
sheet,patch_1.bin,9b481dad7ef4f3688de7ea1c1daa2901129d20fe6c590c8ad3a1805edc423456,9b481dad7ef4f3688de7ea1c1daa2901129d20fe6c590c8ad3a1805edc423456,yes,
sheet,patch_2.bin,eed12397cfdc6b81b4f73836a79874b2969a971306cae7e5979ff516ca51b9c6,eed12397cfdc6b81b4f73836a79874b2969a971306cae7e5979ff516ca51b9c6,yes,
sheet,patch_3.bin,0b5320d88f12e1089cc626195f0bf6ae7c1994cae53fb85d6604cb7a5bba9a71,0b5320d88f12e1089cc626195f0bf6ae7c1994cae53fb85d6604cb7a5bba9a71,yes,
sheet,patch_4.bin,82147f7af9678e592c1e32b642f8b63ff1f1d7c5aab2a293a0320c0c33ed33c2,82147f7af9678e592c1e32b642f8b63ff1f1d7c5aab2a293a0320c0c33ed33c2,yes,
sheet,patch_5.bin,cbf21160b7483ec166762ad790a9ad3dda760484cc4d79a538be443928e35e9c,cbf21160b7483ec166762ad790a9ad3dda760484cc4d79a538be443928e35e9c,yes,
sheet,patch_6.bin,e3ee40078acb63bd3e00e0eb98c49b9986fae3e92d373ebc1bf00b7dba1fc7ac,e3ee40078acb63bd3e00e0eb98c49b9986fae3e92d373ebc1bf00b7dba1fc7ac,yes,
sheet,patch_7.bin,1a7b929687f5fbc27688e1662a79b762369ddcb8dc2ccaf30a5277af46740b45,1a7b929687f5fbc27688e1662a79b762369ddcb8dc2ccaf30a5277af46740b45,yes,
sheet,patch_8.bin,ce4f2feb6ec6f4767b4d75a93f3a9c16222442b0c46cbdea9f635ca6029204c6,ce4f2feb6ec6f4767b4d75a93f3a9c16222442b0c46cbdea9f635ca6029204c6,yes,
sheet,patch_9.bin,7e5598c02bdbd81c64f37a93296c90bda2107110c17cf387e89b79dee48aab56,7e5598c02bdbd81c64f37a93296c90bda2107110c17cf387e89b79dee48aab56,yes,
squares_row,0,11.5989,11.5989,yes,
squares_row,1,9.3224,9.3224,yes,
squares_row,2,11.6981,11.6981,yes,
squares_row,3,8.1764,8.1764,yes,
squares_row,4,6.628,6.628,yes,
squares_row,5,7.2131,7.2131,yes,
squares_row,6,4.7967,4.7967,yes,
squares_row,7,5.0015,5.0015,yes,
squares_row,8,6.248,6.248,yes,
squares_row,9,4.7271,4.7271,yes,
stage_file,badpatches.csv,b76dcbda7317bef4ac80be302b7546db4a3ae221cbd3236736318fc97c977dfd,b76dcbda7317bef4ac80be302b7546db4a3ae221cbd3236736318fc97c977dfd,yes,
stage_file,badpatchscores.csv,bae925fab1fe2a7c0d9e58a66ce944c729fcfccd0af010be20cc3b58b1fc9bde,bae925fab1fe2a7c0d9e58a66ce944c729fcfccd0af010be20cc3b58b1fc9bde,yes,
stage_file,patchVolCoords.csv,6b9eb18a0f4dbe2b663b0a1fa4e919dcd741c6889365c057bdc4d408a1b4b790,6b9eb18a0f4dbe2b663b0a1fa4e919dcd741c6889365c057bdc4d408a1b4b790,yes,
stage_file,alignmentorders.txt,6e8b996c3ddfda0168d3e71b21deb84ae9aa1590846b195e8f5f7e7a576829ff,6e8b996c3ddfda0168d3e71b21deb84ae9aa1590846b195e8f5f7e7a576829ff,yes,
stage_file,neighbourss.csv,78c4021a49125e90dac75feb7525229a23728811a5c1f103b0d8b527e8e9e6c8,78c4021a49125e90dac75feb7525229a23728811a5c1f103b0d8b527e8e9e6c8,yes,
stage_file,badbridgess_out.csv,e0b2740845a2592b798066ed46fc7f1649d3d5c0b94cfda9550eb15cb8408e4d,e0b2740845a2592b798066ed46fc7f1649d3d5c0b94cfda9550eb15cb8408e4d,yes,
stage_file,patchorder.csv,031f78916c31bff00495da0d4f62e5bc02b25cb8053bb3e81e2be27155f6bbb8,031f78916c31bff00495da0d4f62e5bc02b25cb8053bb3e81e2be27155f6bbb8,yes,
stage_file,patchorders.csv,78a7e6c85d29146e4b8ed5bb7ccc200b72e6c84b78ebc1d2845589dfa05f4988,78a7e6c85d29146e4b8ed5bb7ccc200b72e6c84b78ebc1d2845589dfa05f4988,yes,
stage_file,patchPositions_0.txt,209cdce434b40ac679dac024a16e509cdf2d7b84ecd7ccccd4010c8a2e301ce3,209cdce434b40ac679dac024a16e509cdf2d7b84ecd7ccccd4010c8a2e301ce3,yes,
stage_file,patchPositions_1.txt,3d57fd36321762d69f1f879877d15d62d1668b70e5095fd8fb2929d4ea751216,3d57fd36321762d69f1f879877d15d62d1668b70e5095fd8fb2929d4ea751216,yes,
stage_file,patchPositions_2.txt,0facae17f9f2b0975d1be019a301d2caba876a1cc52020f43cfb3a029169d67e,0facae17f9f2b0975d1be019a301d2caba876a1cc52020f43cfb3a029169d67e,yes,
stage_file,patchPositions_3.txt,7b85caa664162f12961059a3d36043800908f983f6ac909f8185c64c00f0a473,7b85caa664162f12961059a3d36043800908f983f6ac909f8185c64c00f0a473,yes,
stage_file,patchPositions_4.txt,630bcabdd0daab9f9d52c87b7303d07651ef533790717b17d205e93142a03f95,630bcabdd0daab9f9d52c87b7303d07651ef533790717b17d205e93142a03f95,yes,
stage_file,patchPositions_5.txt,3aeb2340ca8bcbdd9acb49f6497694cece7225bbd4a8e065b7a87dda75576855,3aeb2340ca8bcbdd9acb49f6497694cece7225bbd4a8e065b7a87dda75576855,yes,
stage_file,patchPositions_6.txt,87def46687043a9bfa4ea820a04275443f00dcd50d96722a512eec31f0935bd5,87def46687043a9bfa4ea820a04275443f00dcd50d96722a512eec31f0935bd5,yes,
stage_file,patchPositions_7.txt,9ff2a7b06f3013e2f7aa9bb07b2f1d85971dcf122dd42674273a0a9f4ea082d7,9ff2a7b06f3013e2f7aa9bb07b2f1d85971dcf122dd42674273a0a9f4ea082d7,yes,
stage_file,patchPositions_8.txt,83276092c51a4eca3f4a7b6be51c526da8a6aa55b160035bd4e13d1129b07e8e,83276092c51a4eca3f4a7b6be51c526da8a6aa55b160035bd4e13d1129b07e8e,yes,
stage_file,patchPositions_9.txt,f081b1c427f97b110913afcd050b74f551a8ab8aea3a81ab32b5bab583435752,f081b1c427f97b110913afcd050b74f551a8ab8aea3a81ab32b5bab583435752,yes,
area,area-PHerc1447-seed262.csv,68366aab437d2815333fac93364dc6b493e0137cd8335bbfabc30ec95a199f69,68366aab437d2815333fac93364dc6b493e0137cd8335bbfabc30ec95a199f69,yes,
verdict,,sheets sha equal 10 of 10,squares rows equal 10 of 10 (apart from sha256: 10),bytes,
