"# one row per delivered sheet. The square is the exact largest axis aligned square fully covered on the sheet own parametrisation grid, from tools/square.py, whose self test is evidence/square-selftest.csv. square_mm_min_step is the side in millimetres with the SMALLER of the two measured cell steps and is the number this study answers on; the two steps are measured per sheet and per axis from the 3D positions in the same file. limit is size when even a full bounding box would stay under 20 mm, enclosed_pores when filling the enclosed holes would reach 20 mm, outline otherwise. A sheet that fails the lattice gate comes out as not measurable, never as a zero."
point,sheet,file,points,status,cells_i,cells_j,fill_fraction,lattice_residual_max,step_samples_i,step_samples_j,step_i_voxel,step_j_voxel,step_i_mm,step_j_mm,axis_angle_deg_median,square_cells,square_corner_i,square_corner_j,square_mm_min_step,square_mm_i_step,square_mm_j_step,size_ceiling_cells,size_ceiling_mm,square_cells_holes_filled,square_mm_holes_filled,enclosed_hole_cells,limit,reaches_20mm,sha256
PHerc0826-seed6629,0,patch_0.bin,763742,measured,952,1717,0.467239,3.1e-05,757914,758214,3.9963,3.9972,0.037413,0.037422,89.998,272,478,647,10.1765,10.1765,10.1787,952,35.6176,473,17.6966,22375,outline,no,5e9e871bbeeaed405233d52c5544f6d101148f2b531e8c85496ffef78d9e5164
PHerc0826-seed6629,1,patch_1.bin,1388662,measured,2799,1770,0.280298,5.3e-05,1377078,1377123,3.9945,3.9944,0.037396,0.037395,89.965,202,492,1530,7.5539,7.5541,7.5539,1770,66.1898,509,19.0342,74680,outline,no,389b810d38ee24a7ff3dace42b27e68fa4d9fbff7191d37602836fbcb86e9b41
PHerc0826-seed6629,2,patch_2.bin,610338,measured,1625,1043,0.360108,1.5e-05,603556,603475,3.9957,3.9959,0.037408,0.037409,89.979,170,1018,688,6.3594,6.3594,6.3596,1043,39.0168,351,13.1303,19055,outline,no,65a41956fe5e85443a5e75803dcc45598a0b04b2a15859cb84f791692d4e8445
PHerc0826-seed6629,3,patch_3.bin,685057,measured,1303,1616,0.325343,3.1e-05,677261,677317,3.993,3.9944,0.037383,0.037395,89.966,178,179,293,6.6541,6.6541,6.6564,1303,48.7097,403,15.0652,92506,outline,no,5fdf461eccad9d8a6468bb37a05cc87dfb1b7f28d0b985969cd456612f288220
PHerc0826-seed6629,4,patch_4.bin,656477,measured,1863,926,0.380536,0.0,650363,650272,3.996,3.996,0.037411,0.037411,89.973,182,631,443,6.8087,6.8088,6.8087,926,34.6422,356,13.3182,52793,outline,no,f35deb796998bca90cf0a324759a4c224d8754d40d888a22637ff73ea8e85e84
PHerc0826-seed6629,5,patch_5.bin,443096,measured,1328,700,0.476652,1.5e-05,439248,439084,3.9967,3.9966,0.037417,0.037417,90.019,184,699,160,6.8846,6.8848,6.8846,700,26.1916,331,12.3849,11160,outline,no,872fc37f21e321d0a46d1f4d16dddc3d31cb240696ed894df0f04c9fb4682d05
PHerc0826-seed6629,6,patch_6.bin,458355,measured,1315,1090,0.319779,0.0,453401,453246,3.9961,3.9922,0.037411,0.037375,89.947,135,825,549,5.0456,5.0505,5.0456,1090,40.7383,240,8.9699,13162,outline,no,b5bcab4d6804f89665e2b1158651dd4d3a88c76977493739e4d8d38eec00c888
PHerc0826-seed6629,7,patch_7.bin,480816,measured,975,1521,0.324224,3.1e-05,475448,475490,3.9927,3.9944,0.037379,0.037396,89.985,160,510,268,5.9807,5.9807,5.9833,975,36.4449,221,8.2608,14732,outline,no,7b5785136120737c717b206c9c8442e0ce75b2a119d299040e4927d7f75bac2c
PHerc0826-seed6629,8,patch_8.bin,373866,measured,1277,637,0.459606,0.0,369680,369551,3.9945,3.995,0.037397,0.037401,89.924,154,803,381,5.7591,5.7591,5.7597,637,23.8217,299,11.1816,22481,outline,no,9e3b080c13dacc97d3070cbc8ab2f70c0f2e4de78b89d20950f25e2282f725bc
PHerc0826-seed6629,9,patch_9.bin,387194,measured,1141,766,0.443011,3.8e-05,383682,383745,3.9942,3.9953,0.037394,0.037404,89.994,161,681,150,6.0204,6.0204,6.0221,766,28.6438,333,12.4522,13166,outline,no,cbfdb46787442c82b390d4a40bbae83fb4315c3d4eebd055fdc794980f42d5d6
