"# written by chain-0826/tools/wave4_sources.py at 2026-09-27T20:24:41Z: one row per squares file of chain-0826; best = largest square_mm_min_step over the seed's measured sheets; is_source yes when best >= 10.0000 mm (fourth wave, director 2026-09-27T18:14:00Z)"
attempt,draw_order,sheets_rows,sheets_measured,best_square_mm_min_step,best_sheet,best_square_cells,best_square_corner_i,best_square_corner_j,pred_chunk_share_255,seed_rule_group,squares_file,is_source
PHerc0826-seed69,69,10,10,8.6783,2,232,309,555,0.2056,batch-1-400-0826,evidence/squares-PHerc0826-seed69.csv,no
PHerc0826-seed109,109,10,10,3.0629,1,82,359,180,0.0751,batch-1-400-0826,evidence/squares-PHerc0826-seed109.csv,no
PHerc0826-seed237,237,10,10,6.7171,7,180,166,142,0.1745,batch-1-400-0826,evidence/squares-PHerc0826-seed237.csv,no
PHerc0826-seed300,300,10,10,8.3031,1,222,530,457,0.1298,batch-1-400-0826,evidence/squares-PHerc0826-seed300.csv,no
PHerc0826-seed314,314,10,10,7.3302,0,196,458,2379,0.1953,batch-1-400-0826,evidence/squares-PHerc0826-seed314.csv,no
PHerc0826-seed321,321,10,10,12.0416,0,322,238,682,0.2231,batch-1-400-0826,evidence/squares-PHerc0826-seed321.csv,yes
PHerc0826-seed485,485,10,10,9.7926,0,262,626,179,0.1537,batch-401-2400-0826,evidence/squares-PHerc0826-seed485.csv,no
PHerc0826-seed633,633,10,10,8.5251,0,228,463,1275,0.2036,batch-401-2400-0826,evidence/squares-PHerc0826-seed633.csv,no
PHerc0826-seed653,653,10,10,4.7465,1,127,187,281,0.1726,batch-401-2400-0826,evidence/squares-PHerc0826-seed653.csv,no
PHerc0826-seed782,782,10,10,10.7688,0,288,558,724,0.2066,batch-401-2400-0826,evidence/squares-PHerc0826-seed782.csv,yes
PHerc0826-seed958,958,10,10,9.3532,0,250,965,576,0.1953,batch-401-2400-0826,evidence/squares-PHerc0826-seed958.csv,no
PHerc0826-seed966,966,10,10,6.1297,0,164,264,185,0.2747,batch-401-2400-0826,evidence/squares-PHerc0826-seed966.csv,no
PHerc0826-seed1045,1045,10,10,10.0968,0,270,483,1185,0.2174,batch-401-2400-0826,evidence/squares-PHerc0826-seed1045.csv,yes
PHerc0826-seed1181,1181,10,10,9.1982,1,246,648,673,0.2290,batch-401-2400-0826,evidence/squares-PHerc0826-seed1181.csv,no
PHerc0826-seed1247,1247,10,10,8.15,0,218,119,264,0.1745,batch-401-2400-0826,evidence/squares-PHerc0826-seed1247.csv,no
PHerc0826-seed1278,1278,10,10,9.3856,0,251,346,1705,0.2552,batch-401-2400-0826,evidence/squares-PHerc0826-seed1278.csv,no
PHerc0826-seed1383,1383,10,10,8.4491,0,226,2922,817,0.1679,batch-401-2400-0826,evidence/squares-PHerc0826-seed1383.csv,no
PHerc0826-seed1436,1436,10,10,8.3008,2,222,63,169,0.2066,batch-401-2400-0826,evidence/squares-PHerc0826-seed1436.csv,no
PHerc0826-seed1450,1450,10,10,10.9044,3,292,416,376,0.2536,batch-401-2400-0826,evidence/squares-PHerc0826-seed1450.csv,yes
PHerc0826-seed1595,1595,10,10,14.5818,0,390,963,414,0.1115,batch-401-2400-0826,evidence/squares-PHerc0826-seed1595.csv,yes
PHerc0826-seed1700,1700,10,10,6.319,1,169,333,429,0.1581,batch-401-2400-0826,evidence/squares-PHerc0826-seed1700.csv,no
PHerc0826-seed1711,1711,10,10,5.8312,1,156,145,419,0.1877,batch-401-2400-0826,evidence/squares-PHerc0826-seed1711.csv,no
PHerc0826-seed1722,1722,10,10,9.0816,0,243,221,329,0.1744,batch-401-2400-0826,evidence/squares-PHerc0826-seed1722.csv,no
PHerc0826-seed1727,1727,10,10,17.0473,0,456,735,528,0.1877,batch-401-2400-0826,evidence/squares-PHerc0826-seed1727.csv,yes
PHerc0826-seed1732,1732,10,10,14.0616,1,376,786,451,0.2290,batch-401-2400-0826,evidence/squares-PHerc0826-seed1732.csv,yes
PHerc0826-seed1788,1788,10,10,10.0936,0,270,961,534,0.2084,batch-401-2400-0826,evidence/squares-PHerc0826-seed1788.csv,yes
PHerc0826-seed1948,1948,10,10,5.5694,8,149,103,233,0.1952,batch-401-2400-0826,evidence/squares-PHerc0826-seed1948.csv,no
PHerc0826-seed2004,2004,10,10,6.5071,3,174,123,412,0.2244,batch-401-2400-0826,evidence/squares-PHerc0826-seed2004.csv,no
PHerc0826-seed2019,2019,10,10,10.1015,4,270,476,215,0.1013,batch-401-2400-0826,evidence/squares-PHerc0826-seed2019.csv,yes
PHerc0826-seed2193,2193,10,10,9.4552,2,253,665,515,0.2056,batch-401-2400-0826,evidence/squares-PHerc0826-seed2193.csv,no
PHerc0826-seed2259,2259,10,10,12.7673,0,341,1171,900,0.1877,batch-401-2400-0826,evidence/squares-PHerc0826-seed2259.csv,yes
PHerc0826-seed2427,2427,10,10,5.8617,0,157,516,1425,0.0288,batch-2401-6400-0826,evidence/squares-PHerc0826-seed2427.csv,no
PHerc0826-seed2441,2441,10,10,10.6911,1,286,673,311,0.2084,batch-2401-6400-0826,evidence/squares-PHerc0826-seed2441.csv,yes
PHerc0826-seed2453,2453,10,10,9.3118,0,249,1102,299,0.2020,batch-2401-6400-0826,evidence/squares-PHerc0826-seed2453.csv,no
PHerc0826-seed2531,2531,10,10,7.0186,0,188,244,461,0.0606,batch-2401-6400-0826,evidence/squares-PHerc0826-seed2531.csv,no
PHerc0826-seed2532,2532,10,10,7.9253,4,212,409,293,0.0565,batch-2401-6400-0826,evidence/squares-PHerc0826-seed2532.csv,no
PHerc0826-seed2604,2604,10,10,17.7995,0,476,639,560,0.2504,batch-2401-6400-0826,evidence/squares-PHerc0826-seed2604.csv,yes
PHerc0826-seed2715,2715,10,10,12.0498,0,322,554,990,0.2413,batch-2401-6400-0826,evidence/squares-PHerc0826-seed2715.csv,yes
PHerc0826-seed2775,2775,10,10,8.1532,7,218,232,171,0.1744,batch-2401-6400-0826,evidence/squares-PHerc0826-seed2775.csv,no
PHerc0826-seed2883,2883,10,10,9.5673,6,256,538,313,0.1537,batch-2401-6400-0826,evidence/squares-PHerc0826-seed2883.csv,no
PHerc0826-seed2904,2904,10,10,8.4499,0,226,356,405,0.2020,batch-2401-6400-0826,evidence/squares-PHerc0826-seed2904.csv,no
PHerc0826-seed2939,2939,10,10,10.8947,0,291,520,1029,0.1939,batch-2401-6400-0826,evidence/squares-PHerc0826-seed2939.csv,yes
PHerc0826-seed2974,2974,10,10,6.4713,5,173,291,235,0.2188,batch-2401-6400-0826,evidence/squares-PHerc0826-seed2974.csv,no
PHerc0826-seed3048,3048,10,10,8.376,0,224,2464,1083,0.2552,batch-2401-6400-0826,evidence/squares-PHerc0826-seed3048.csv,no
PHerc0826-seed3149,3149,10,10,10.8843,2,291,476,307,0.2112,batch-2401-6400-0826,evidence/squares-PHerc0826-seed3149.csv,yes
PHerc0826-seed3167,3167,10,10,5.758,1,154,125,236,0.2416,batch-2401-6400-0826,evidence/squares-PHerc0826-seed3167.csv,no
PHerc0826-seed3412,3412,10,10,6.237,0,167,1055,207,0.0594,batch-2401-6400-0826,evidence/squares-PHerc0826-seed3412.csv,no
PHerc0826-seed3490,3490,10,10,11.866,0,317,776,183,0.1647,batch-2401-6400-0826,evidence/squares-PHerc0826-seed3490.csv,yes
PHerc0826-seed3509,3509,10,10,9.2306,1,247,275,305,0.1251,batch-2401-6400-0826,evidence/squares-PHerc0826-seed3509.csv,no
PHerc0826-seed3607,3607,10,10,10.5229,0,281,256,519,0.1755,batch-2401-6400-0826,evidence/squares-PHerc0826-seed3607.csv,yes
PHerc0826-seed3648,3648,10,10,10.6241,0,284,768,1149,0.2520,batch-2401-6400-0826,evidence/squares-PHerc0826-seed3648.csv,yes
PHerc0826-seed3839,3839,10,10,11.6326,0,311,336,571,0.1847,batch-2401-6400-0826,evidence/squares-PHerc0826-seed3839.csv,yes
PHerc0826-seed3880,3880,10,10,4.9271,0,132,351,789,0.1947,batch-2401-6400-0826,evidence/squares-PHerc0826-seed3880.csv,no
PHerc0826-seed3911,3911,10,10,9.6145,0,257,772,172,0.1537,batch-2401-6400-0826,evidence/squares-PHerc0826-seed3911.csv,no
PHerc0826-seed3950,3950,10,10,13.8042,0,369,1019,459,0.1744,batch-2401-6400-0826,evidence/squares-PHerc0826-seed3950.csv,yes
PHerc0826-seed3953,3953,10,10,5.8671,0,157,191,327,0.2302,batch-2401-6400-0826,evidence/squares-PHerc0826-seed3953.csv,no
PHerc0826-seed4009,4009,10,10,10.7051,6,286,356,191,0.1758,batch-2401-6400-0826,evidence/squares-PHerc0826-seed4009.csv,yes
PHerc0826-seed4058,4058,10,10,6.0863,0,163,940,1355,0.1298,batch-2401-6400-0826,evidence/squares-PHerc0826-seed4058.csv,no
PHerc0826-seed4062,4062,10,10,9.567,0,256,969,383,0.2681,batch-2401-6400-0826,evidence/squares-PHerc0826-seed4062.csv,no
PHerc0826-seed4202,4202,10,10,8.4114,1,225,907,635,0.2290,batch-2401-6400-0826,evidence/squares-PHerc0826-seed4202.csv,no
PHerc0826-seed4343,4343,10,10,10.2155,0,273,580,460,0.2695,batch-2401-6400-0826,evidence/squares-PHerc0826-seed4343.csv,yes
PHerc0826-seed4391,4391,10,10,6.7559,0,181,1112,213,0.0776,batch-2401-6400-0826,evidence/squares-PHerc0826-seed4391.csv,no
PHerc0826-seed4440,4440,10,10,15.1859,0,406,562,533,0.1600,batch-2401-6400-0826,evidence/squares-PHerc0826-seed4440.csv,yes
PHerc0826-seed4480,4480,10,10,13.837,0,370,972,505,0.2681,batch-2401-6400-0826,evidence/squares-PHerc0826-seed4480.csv,yes
PHerc0826-seed4490,4490,10,10,12.7655,0,342,179,195,0.1400,batch-2401-6400-0826,evidence/squares-PHerc0826-seed4490.csv,yes
PHerc0826-seed4494,4494,10,10,11.5909,0,310,537,567,0.2056,batch-2401-6400-0826,evidence/squares-PHerc0826-seed4494.csv,yes
PHerc0826-seed4595,4595,10,10,8.1439,2,218,194,213,0.1581,batch-2401-6400-0826,evidence/squares-PHerc0826-seed4595.csv,no
PHerc0826-seed4667,4667,10,10,9.7218,0,260,594,134,0.2536,batch-2401-6400-0826,evidence/squares-PHerc0826-seed4667.csv,no
PHerc0826-seed4690,4690,10,10,10.2424,0,274,538,785,0.2421,batch-2401-6400-0826,evidence/squares-PHerc0826-seed4690.csv,yes
PHerc0826-seed4695,4695,10,10,11.1154,0,297,836,338,0.2413,batch-2401-6400-0826,evidence/squares-PHerc0826-seed4695.csv,yes
PHerc0826-seed4732,4732,10,10,9.349,1,250,252,479,0.1755,batch-2401-6400-0826,evidence/squares-PHerc0826-seed4732.csv,no
PHerc0826-seed4813,4813,10,10,10.6326,1,284,446,495,0.1758,batch-2401-6400-0826,evidence/squares-PHerc0826-seed4813.csv,yes
PHerc0826-seed4868,4868,10,10,8.4142,0,225,337,558,0.1679,batch-2401-6400-0826,evidence/squares-PHerc0826-seed4868.csv,no
PHerc0826-seed4960,4960,10,10,4.8979,4,131,101,326,0.1745,batch-2401-6400-0826,evidence/squares-PHerc0826-seed4960.csv,no
PHerc0826-seed5104,5104,10,10,10.8855,0,291,495,464,0.2536,batch-2401-6400-0826,evidence/squares-PHerc0826-seed5104.csv,yes
PHerc0826-seed5171,5171,10,10,9.1682,0,245,1110,506,0.1884,batch-2401-6400-0826,evidence/squares-PHerc0826-seed5171.csv,no
PHerc0826-seed5198,5198,10,10,5.3821,0,144,969,250,0.1296,batch-2401-6400-0826,evidence/squares-PHerc0826-seed5198.csv,no
PHerc0826-seed5262,5262,10,10,6.3885,0,171,679,678,0.1320,batch-2401-6400-0826,evidence/squares-PHerc0826-seed5262.csv,no
PHerc0826-seed5349,5349,10,10,7.7816,0,208,1762,236,0.1158,batch-2401-6400-0826,evidence/squares-PHerc0826-seed5349.csv,no
PHerc0826-seed5351,5351,10,10,9.7597,3,261,208,625,0.2520,batch-2401-6400-0826,evidence/squares-PHerc0826-seed5351.csv,no
PHerc0826-seed5364,5364,10,10,17.1642,0,459,389,671,0.2251,batch-2401-6400-0826,evidence/squares-PHerc0826-seed5364.csv,yes
PHerc0826-seed5382,5382,10,10,11.1517,3,298,293,692,0.2179,batch-2401-6400-0826,evidence/squares-PHerc0826-seed5382.csv,yes
PHerc0826-seed5608,5608,10,10,6.3517,0,170,517,205,0.0279,batch-2401-6400-0826,evidence/squares-PHerc0826-seed5608.csv,no
PHerc0826-seed5611,5611,10,10,8.8259,0,236,519,807,0.1756,batch-2401-6400-0826,evidence/squares-PHerc0826-seed5611.csv,no
PHerc0826-seed5630,5630,10,10,9.4998,4,254,976,530,0.2147,batch-2401-6400-0826,evidence/squares-PHerc0826-seed5630.csv,no
PHerc0826-seed5649,5649,10,10,5.3459,0,143,130,86,0.1618,batch-2401-6400-0826,evidence/squares-PHerc0826-seed5649.csv,no
PHerc0826-seed5702,5702,10,10,8.3765,1,224,45,341,0.1877,batch-2401-6400-0826,evidence/squares-PHerc0826-seed5702.csv,no
PHerc0826-seed5728,5728,10,10,11.7496,0,314,1174,1733,0.2552,batch-2401-6400-0826,evidence/squares-PHerc0826-seed5728.csv,yes
PHerc0826-seed5770,5770,10,10,6.7303,0,180,542,712,0.1400,batch-2401-6400-0826,evidence/squares-PHerc0826-seed5770.csv,no
PHerc0826-seed5812,5812,10,10,6.6946,0,179,89,309,0.2480,batch-2401-6400-0826,evidence/squares-PHerc0826-seed5812.csv,no
PHerc0826-seed5835,5835,10,10,10.5151,0,281,410,912,0.2536,batch-2401-6400-0826,evidence/squares-PHerc0826-seed5835.csv,yes
PHerc0826-seed5989,5989,10,10,5.5337,7,148,187,255,0.2302,batch-2401-6400-0826,evidence/squares-PHerc0826-seed5989.csv,no
PHerc0826-seed6013,6013,10,10,8.6041,0,230,937,1222,0.1953,batch-2401-6400-0826,evidence/squares-PHerc0826-seed6013.csv,no
PHerc0826-seed6181,6181,10,10,10.5105,0,281,431,265,0.2154,batch-2401-6400-0826,evidence/squares-PHerc0826-seed6181.csv,yes
PHerc0826-seed6206,6206,10,10,6.5028,0,174,1584,672,0.1178,batch-2401-6400-0826,evidence/squares-PHerc0826-seed6206.csv,no
PHerc0826-seed6209,6209,10,10,4.9337,0,132,328,249,0.1877,batch-2401-6400-0826,evidence/squares-PHerc0826-seed6209.csv,no
PHerc0826-seed6237,6237,10,10,9.0528,0,242,289,254,0.1952,batch-2401-6400-0826,evidence/squares-PHerc0826-seed6237.csv,no
PHerc0826-seed6273,6273,10,10,15.6438,0,418,478,742,0.2217,batch-2401-6400-0826,evidence/squares-PHerc0826-seed6273.csv,yes
PHerc0826-seed6343,6343,10,10,11.0404,0,295,231,970,0.1013,batch-2401-6400-0826,evidence/squares-PHerc0826-seed6343.csv,yes
PHerc0826-seed6346,6346,10,10,9.3895,0,251,363,235,0.1400,batch-2401-6400-0826,evidence/squares-PHerc0826-seed6346.csv,no
PHerc0826-seed6365,6365,10,10,10.2452,0,274,1121,656,0.1915,batch-2401-6400-0826,evidence/squares-PHerc0826-seed6365.csv,yes
PHerc0826-seed6376,6376,10,10,10.884,1,291,223,632,0.1953,batch-2401-6400-0826,evidence/squares-PHerc0826-seed6376.csv,yes
