"# written by chain-0826/tools/draw_near.py at 2026-09-27T20:28:22Z: one row per source of the near draw; candidates_in_shell counts voxels of 255 with six 255 neighbours at 48 to 256 voxels from the source point"
source,source_draw_order,source_best_square_mm,candidates_in_shell,drawn,draws_made,redrawn,attempts
PHerc0826-seed321,321,12.0416,8817407,8,8,0,PHerc0826-seed6401..6408
PHerc0826-seed782,782,10.7688,9062244,8,8,0,PHerc0826-seed6409..6416
PHerc0826-seed1045,1045,10.0968,7698232,8,8,0,PHerc0826-seed6417..6424
PHerc0826-seed1450,1450,10.9044,7415329,8,8,0,PHerc0826-seed6425..6432
PHerc0826-seed1595,1595,14.5818,5500165,8,8,0,PHerc0826-seed6433..6440
PHerc0826-seed1727,1727,17.0473,6640647,8,8,0,PHerc0826-seed6441..6448
PHerc0826-seed1732,1732,14.0616,7440203,8,8,0,PHerc0826-seed6449..6456
PHerc0826-seed1788,1788,10.0936,6691619,8,8,0,PHerc0826-seed6457..6464
PHerc0826-seed2019,2019,10.1015,4276834,8,8,0,PHerc0826-seed6465..6472
PHerc0826-seed2259,2259,12.7673,7049495,8,8,0,PHerc0826-seed6473..6480
PHerc0826-seed2441,2441,10.6911,6401170,8,8,0,PHerc0826-seed6481..6488
PHerc0826-seed2604,2604,17.7995,8700409,8,8,0,PHerc0826-seed6489..6496
PHerc0826-seed2715,2715,12.0498,7853320,8,8,0,PHerc0826-seed6497..6504
PHerc0826-seed2939,2939,10.8947,6370185,8,8,0,PHerc0826-seed6505..6512
PHerc0826-seed3149,3149,10.8843,7557132,8,8,0,PHerc0826-seed6513..6520
PHerc0826-seed3490,3490,11.866,7187609,8,8,0,PHerc0826-seed6521..6528
PHerc0826-seed3607,3607,10.5229,8113268,8,8,0,PHerc0826-seed6529..6536
PHerc0826-seed3648,3648,10.6241,8810082,8,8,0,PHerc0826-seed6537..6544
PHerc0826-seed3839,3839,11.6326,6293905,8,8,0,PHerc0826-seed6545..6552
PHerc0826-seed3950,3950,13.8042,4874075,8,8,0,PHerc0826-seed6553..6560
PHerc0826-seed4009,4009,10.7051,8500656,8,8,0,PHerc0826-seed6561..6568
PHerc0826-seed4343,4343,10.2155,8300149,8,8,0,PHerc0826-seed6569..6576
PHerc0826-seed4440,4440,15.1859,6449171,8,8,0,PHerc0826-seed6577..6584
PHerc0826-seed4480,4480,13.837,8016399,8,8,0,PHerc0826-seed6585..6592
PHerc0826-seed4490,4490,12.7655,5542565,8,8,0,PHerc0826-seed6593..6600
PHerc0826-seed4494,4494,11.5909,7369551,8,8,0,PHerc0826-seed6601..6608
PHerc0826-seed4690,4690,10.2424,6988596,8,8,0,PHerc0826-seed6609..6616
PHerc0826-seed4695,4695,11.1154,7821688,8,8,0,PHerc0826-seed6617..6624
PHerc0826-seed4813,4813,10.6326,7635927,8,8,0,PHerc0826-seed6625..6632
PHerc0826-seed5104,5104,10.8855,7640503,8,8,0,PHerc0826-seed6633..6640
PHerc0826-seed5364,5364,17.1642,7368442,8,8,0,PHerc0826-seed6641..6648
PHerc0826-seed5382,5382,11.1517,8123061,8,8,0,PHerc0826-seed6649..6656
PHerc0826-seed5728,5728,11.7496,7591380,8,8,0,PHerc0826-seed6657..6664
PHerc0826-seed5835,5835,10.5151,7670647,8,8,0,PHerc0826-seed6665..6672
PHerc0826-seed6181,6181,10.5105,6592158,8,8,0,PHerc0826-seed6673..6680
PHerc0826-seed6273,6273,15.6438,8286039,8,8,0,PHerc0826-seed6681..6688
PHerc0826-seed6343,6343,11.0404,4947463,8,8,0,PHerc0826-seed6689..6696
PHerc0826-seed6365,6365,10.2452,5642156,8,8,0,PHerc0826-seed6697..6704
PHerc0826-seed6376,6376,10.884,6996737,8,8,0,PHerc0826-seed6705..6712
