attempt,series,file,reference_sha256,run_sha256,byte_identical,reference_file,run_file
PHerc1447-seed01,plain,alignmentorders.txt,bd3f515f28cb49c229dca7ad170a9fbe25dce72de5ef3b58f86f671e0a00aba4,bd3f515f28cb49c229dca7ad170a9fbe25dce72de5ef3b58f86f671e0a00aba4,yes,/data/scrollagent/runs/rev1/seed-search-1447/out/PHerc1447-seed01/C40/alignmentorders.txt,/data/scrollagent/runs/rev1/orphan-guard/scratch/out/plain/PHerc1447-seed01/C40/alignmentorders.txt
PHerc1447-seed01,plain,badbridgess_out.csv,e7251235d8df581ee8f982b04710259c6110c0c1eaa24aa4745f3db6914b7754,e7251235d8df581ee8f982b04710259c6110c0c1eaa24aa4745f3db6914b7754,yes,/data/scrollagent/runs/rev1/seed-search-1447/out/PHerc1447-seed01/C40/badbridgess_out.csv,/data/scrollagent/runs/rev1/orphan-guard/scratch/out/plain/PHerc1447-seed01/C40/badbridgess_out.csv
PHerc1447-seed01,plain,badpatches.csv,ba4c85bff7b9d5ae4c1a78357ce6f261a26cf71772917e2948938a85d1e30cbe,ba4c85bff7b9d5ae4c1a78357ce6f261a26cf71772917e2948938a85d1e30cbe,yes,/data/scrollagent/runs/rev1/seed-search-1447/out/PHerc1447-seed01/C40/badpatches.csv,/data/scrollagent/runs/rev1/orphan-guard/scratch/out/plain/PHerc1447-seed01/C40/badpatches.csv
PHerc1447-seed01,plain,badpatchscores.csv,df81667c6854bcd6027e2ee49d52a5280148654c4086eba3801657dbe88496d5,df81667c6854bcd6027e2ee49d52a5280148654c4086eba3801657dbe88496d5,yes,/data/scrollagent/runs/rev1/seed-search-1447/out/PHerc1447-seed01/C40/badpatchscores.csv,/data/scrollagent/runs/rev1/orphan-guard/scratch/out/plain/PHerc1447-seed01/C40/badpatchscores.csv
PHerc1447-seed01,plain,neighbourss.csv,2c564f5eb94ca2fcd69ede336fb68487ec1d821e0e7d08155e696f7f2f92a289,2c564f5eb94ca2fcd69ede336fb68487ec1d821e0e7d08155e696f7f2f92a289,yes,/data/scrollagent/runs/rev1/seed-search-1447/out/PHerc1447-seed01/C40/neighbourss.csv,/data/scrollagent/runs/rev1/orphan-guard/scratch/out/plain/PHerc1447-seed01/C40/neighbourss.csv
PHerc1447-seed01,plain,patchPositions_0.txt,9cae0db7ecdf8e4e047d61735240ff75dd9dea053a2ee843db8b976dde719f98,9cae0db7ecdf8e4e047d61735240ff75dd9dea053a2ee843db8b976dde719f98,yes,/data/scrollagent/runs/rev1/seed-search-1447/out/PHerc1447-seed01/C40/patchPositions_0.txt,/data/scrollagent/runs/rev1/orphan-guard/scratch/out/plain/PHerc1447-seed01/C40/patchPositions_0.txt
PHerc1447-seed01,plain,patchPositions_1.txt,7aacb4d79742b42e71ca74203f44af666470c75d4a3fede3e67ee4654132f486,7aacb4d79742b42e71ca74203f44af666470c75d4a3fede3e67ee4654132f486,yes,/data/scrollagent/runs/rev1/seed-search-1447/out/PHerc1447-seed01/C40/patchPositions_1.txt,/data/scrollagent/runs/rev1/orphan-guard/scratch/out/plain/PHerc1447-seed01/C40/patchPositions_1.txt
PHerc1447-seed01,plain,patchPositions_2.txt,026c05b1535f9fadea2e9855d45c88a90b483e9fc06cb717cbca03e0873827d8,026c05b1535f9fadea2e9855d45c88a90b483e9fc06cb717cbca03e0873827d8,yes,/data/scrollagent/runs/rev1/seed-search-1447/out/PHerc1447-seed01/C40/patchPositions_2.txt,/data/scrollagent/runs/rev1/orphan-guard/scratch/out/plain/PHerc1447-seed01/C40/patchPositions_2.txt
PHerc1447-seed01,plain,patchPositions_3.txt,82c141520d5b5e55dccf156f2979bd8051fc7150624cd9b529b40a18a5721f5e,82c141520d5b5e55dccf156f2979bd8051fc7150624cd9b529b40a18a5721f5e,yes,/data/scrollagent/runs/rev1/seed-search-1447/out/PHerc1447-seed01/C40/patchPositions_3.txt,/data/scrollagent/runs/rev1/orphan-guard/scratch/out/plain/PHerc1447-seed01/C40/patchPositions_3.txt
PHerc1447-seed01,plain,patchPositions_4.txt,0501b156793b5e19b3a081338090b38dc84f34ef8df87bd6de48f5291f49bac3,0501b156793b5e19b3a081338090b38dc84f34ef8df87bd6de48f5291f49bac3,yes,/data/scrollagent/runs/rev1/seed-search-1447/out/PHerc1447-seed01/C40/patchPositions_4.txt,/data/scrollagent/runs/rev1/orphan-guard/scratch/out/plain/PHerc1447-seed01/C40/patchPositions_4.txt
PHerc1447-seed01,plain,patchPositions_5.txt,3dce84b649d985b643365fae4cef049fe2676da23f47007e76b741f87b493509,3dce84b649d985b643365fae4cef049fe2676da23f47007e76b741f87b493509,yes,/data/scrollagent/runs/rev1/seed-search-1447/out/PHerc1447-seed01/C40/patchPositions_5.txt,/data/scrollagent/runs/rev1/orphan-guard/scratch/out/plain/PHerc1447-seed01/C40/patchPositions_5.txt
PHerc1447-seed01,plain,patchPositions_6.txt,2f7a96bdaff8015ccd244f3a93c415160ae322767146472bb2c45117585ccd13,2f7a96bdaff8015ccd244f3a93c415160ae322767146472bb2c45117585ccd13,yes,/data/scrollagent/runs/rev1/seed-search-1447/out/PHerc1447-seed01/C40/patchPositions_6.txt,/data/scrollagent/runs/rev1/orphan-guard/scratch/out/plain/PHerc1447-seed01/C40/patchPositions_6.txt
PHerc1447-seed01,plain,patchPositions_7.txt,a2620396271b7767cef210866d573c99f27f7ba66dadb47ca3d9c5716b27f839,a2620396271b7767cef210866d573c99f27f7ba66dadb47ca3d9c5716b27f839,yes,/data/scrollagent/runs/rev1/seed-search-1447/out/PHerc1447-seed01/C40/patchPositions_7.txt,/data/scrollagent/runs/rev1/orphan-guard/scratch/out/plain/PHerc1447-seed01/C40/patchPositions_7.txt
PHerc1447-seed01,plain,patchPositions_8.txt,d90789a53ad72e8aac4fd68436c3ad080cb6cedccc1e262e898f79772c032388,d90789a53ad72e8aac4fd68436c3ad080cb6cedccc1e262e898f79772c032388,yes,/data/scrollagent/runs/rev1/seed-search-1447/out/PHerc1447-seed01/C40/patchPositions_8.txt,/data/scrollagent/runs/rev1/orphan-guard/scratch/out/plain/PHerc1447-seed01/C40/patchPositions_8.txt
PHerc1447-seed01,plain,patchPositions_9.txt,cc5e17cf6fd716a89b56436f0f83b27529728659c6bc34743748a689ad978b2a,cc5e17cf6fd716a89b56436f0f83b27529728659c6bc34743748a689ad978b2a,yes,/data/scrollagent/runs/rev1/seed-search-1447/out/PHerc1447-seed01/C40/patchPositions_9.txt,/data/scrollagent/runs/rev1/orphan-guard/scratch/out/plain/PHerc1447-seed01/C40/patchPositions_9.txt
PHerc1447-seed01,plain,patchVolCoords.csv,aef09c9d1c5e0200ce4c98c86638e5927019d140c887eaa4c47b0592f810d389,aef09c9d1c5e0200ce4c98c86638e5927019d140c887eaa4c47b0592f810d389,yes,/data/scrollagent/runs/rev1/seed-search-1447/out/PHerc1447-seed01/C40/patchVolCoords.csv,/data/scrollagent/runs/rev1/orphan-guard/scratch/out/plain/PHerc1447-seed01/C40/patchVolCoords.csv
PHerc1447-seed01,plain,patch_0.bin,bd5a069ffabac2910946ffd5ebb48db6abd5658d4baa3f5d6a825eb1f3c107e6,bd5a069ffabac2910946ffd5ebb48db6abd5658d4baa3f5d6a825eb1f3c107e6,yes,/data/scrollagent/runs/rev1/seed-search-1447/out/PHerc1447-seed01/C40/patch_0.bin,/data/scrollagent/runs/rev1/orphan-guard/scratch/out/plain/PHerc1447-seed01/C40/patch_0.bin
PHerc1447-seed01,plain,patch_0_colours.csv,2c934c56008dc8c3a3925aff39274546ddb2e9eab67d352f346cfda5870299f5,2c934c56008dc8c3a3925aff39274546ddb2e9eab67d352f346cfda5870299f5,yes,/data/scrollagent/runs/rev1/seed-search-1447/out/PHerc1447-seed01/C40/patch_0_colours.csv,/data/scrollagent/runs/rev1/orphan-guard/scratch/out/plain/PHerc1447-seed01/C40/patch_0_colours.csv
PHerc1447-seed01,plain,patch_1.bin,0eebd7f8953ec687f1bf2e6c3f343b57576993353e49550ddbb6af1b30192811,0eebd7f8953ec687f1bf2e6c3f343b57576993353e49550ddbb6af1b30192811,yes,/data/scrollagent/runs/rev1/seed-search-1447/out/PHerc1447-seed01/C40/patch_1.bin,/data/scrollagent/runs/rev1/orphan-guard/scratch/out/plain/PHerc1447-seed01/C40/patch_1.bin
PHerc1447-seed01,plain,patch_1_colours.csv,39c778968aea4a0c3624192a24b37c0a056c20c83d24b521714fcf1a427bbad9,39c778968aea4a0c3624192a24b37c0a056c20c83d24b521714fcf1a427bbad9,yes,/data/scrollagent/runs/rev1/seed-search-1447/out/PHerc1447-seed01/C40/patch_1_colours.csv,/data/scrollagent/runs/rev1/orphan-guard/scratch/out/plain/PHerc1447-seed01/C40/patch_1_colours.csv
PHerc1447-seed01,plain,patch_2.bin,67c0d675109c0ec82a92a026d77cecfb97c83589ad572e5cdb6af1cc6a8fff4f,67c0d675109c0ec82a92a026d77cecfb97c83589ad572e5cdb6af1cc6a8fff4f,yes,/data/scrollagent/runs/rev1/seed-search-1447/out/PHerc1447-seed01/C40/patch_2.bin,/data/scrollagent/runs/rev1/orphan-guard/scratch/out/plain/PHerc1447-seed01/C40/patch_2.bin
PHerc1447-seed01,plain,patch_2_colours.csv,379b40fca4aeebea443eb333ac33aa9cb7d20ab8194264f55455dc676029dcf5,379b40fca4aeebea443eb333ac33aa9cb7d20ab8194264f55455dc676029dcf5,yes,/data/scrollagent/runs/rev1/seed-search-1447/out/PHerc1447-seed01/C40/patch_2_colours.csv,/data/scrollagent/runs/rev1/orphan-guard/scratch/out/plain/PHerc1447-seed01/C40/patch_2_colours.csv
PHerc1447-seed01,plain,patch_3.bin,4ec7f8c2d9e7687c0b187a506358e9f99677b3d8193307c9756742cb136e43cb,4ec7f8c2d9e7687c0b187a506358e9f99677b3d8193307c9756742cb136e43cb,yes,/data/scrollagent/runs/rev1/seed-search-1447/out/PHerc1447-seed01/C40/patch_3.bin,/data/scrollagent/runs/rev1/orphan-guard/scratch/out/plain/PHerc1447-seed01/C40/patch_3.bin
PHerc1447-seed01,plain,patch_3_colours.csv,d9f762ad341730cf52dfb9633b99624f4a37a239c800a981013f498c29c0db79,d9f762ad341730cf52dfb9633b99624f4a37a239c800a981013f498c29c0db79,yes,/data/scrollagent/runs/rev1/seed-search-1447/out/PHerc1447-seed01/C40/patch_3_colours.csv,/data/scrollagent/runs/rev1/orphan-guard/scratch/out/plain/PHerc1447-seed01/C40/patch_3_colours.csv
PHerc1447-seed01,plain,patch_4.bin,f82bf7ab64e2e63356d53926d040dc1529fcbcc2fc23f6379ea07409144f59f5,f82bf7ab64e2e63356d53926d040dc1529fcbcc2fc23f6379ea07409144f59f5,yes,/data/scrollagent/runs/rev1/seed-search-1447/out/PHerc1447-seed01/C40/patch_4.bin,/data/scrollagent/runs/rev1/orphan-guard/scratch/out/plain/PHerc1447-seed01/C40/patch_4.bin
PHerc1447-seed01,plain,patch_4_colours.csv,24204b6db6ea777c040fcf0af1c9a177743e9dc28c1afaefd495ea06ee4fc809,24204b6db6ea777c040fcf0af1c9a177743e9dc28c1afaefd495ea06ee4fc809,yes,/data/scrollagent/runs/rev1/seed-search-1447/out/PHerc1447-seed01/C40/patch_4_colours.csv,/data/scrollagent/runs/rev1/orphan-guard/scratch/out/plain/PHerc1447-seed01/C40/patch_4_colours.csv
PHerc1447-seed01,plain,patch_5.bin,3bf5efb1553731287801ce1f29afb14a2d55127239a437198d50952376cc490d,3bf5efb1553731287801ce1f29afb14a2d55127239a437198d50952376cc490d,yes,/data/scrollagent/runs/rev1/seed-search-1447/out/PHerc1447-seed01/C40/patch_5.bin,/data/scrollagent/runs/rev1/orphan-guard/scratch/out/plain/PHerc1447-seed01/C40/patch_5.bin
PHerc1447-seed01,plain,patch_5_colours.csv,235c8733a80439aa30e61b3230c8ef318e382c12b81d6f4c0d6e4d700f8ac39c,235c8733a80439aa30e61b3230c8ef318e382c12b81d6f4c0d6e4d700f8ac39c,yes,/data/scrollagent/runs/rev1/seed-search-1447/out/PHerc1447-seed01/C40/patch_5_colours.csv,/data/scrollagent/runs/rev1/orphan-guard/scratch/out/plain/PHerc1447-seed01/C40/patch_5_colours.csv
PHerc1447-seed01,plain,patch_6.bin,d8108f646e7fad34f75640524e8b414d22742f2d2e7329527fba92e2c9b6ee74,d8108f646e7fad34f75640524e8b414d22742f2d2e7329527fba92e2c9b6ee74,yes,/data/scrollagent/runs/rev1/seed-search-1447/out/PHerc1447-seed01/C40/patch_6.bin,/data/scrollagent/runs/rev1/orphan-guard/scratch/out/plain/PHerc1447-seed01/C40/patch_6.bin
PHerc1447-seed01,plain,patch_6_colours.csv,5d2d1569654c72a54f91686e52f0097bb785e1d87c31037b36390af679e8b4d4,5d2d1569654c72a54f91686e52f0097bb785e1d87c31037b36390af679e8b4d4,yes,/data/scrollagent/runs/rev1/seed-search-1447/out/PHerc1447-seed01/C40/patch_6_colours.csv,/data/scrollagent/runs/rev1/orphan-guard/scratch/out/plain/PHerc1447-seed01/C40/patch_6_colours.csv
PHerc1447-seed01,plain,patch_7.bin,a6964c46aaf4fc27d8087fa03320bb967129e9cefea9b4a76143532b7be56ab7,a6964c46aaf4fc27d8087fa03320bb967129e9cefea9b4a76143532b7be56ab7,yes,/data/scrollagent/runs/rev1/seed-search-1447/out/PHerc1447-seed01/C40/patch_7.bin,/data/scrollagent/runs/rev1/orphan-guard/scratch/out/plain/PHerc1447-seed01/C40/patch_7.bin
PHerc1447-seed01,plain,patch_7_colours.csv,056b9367dcf3a02608b9d34ab44c45d7fd4a5f57d2306a34df7e39729ebd6160,056b9367dcf3a02608b9d34ab44c45d7fd4a5f57d2306a34df7e39729ebd6160,yes,/data/scrollagent/runs/rev1/seed-search-1447/out/PHerc1447-seed01/C40/patch_7_colours.csv,/data/scrollagent/runs/rev1/orphan-guard/scratch/out/plain/PHerc1447-seed01/C40/patch_7_colours.csv
PHerc1447-seed01,plain,patch_8.bin,d00356784760f26f35665662f1778074fe07179833e269f5b48fdc7299c50839,d00356784760f26f35665662f1778074fe07179833e269f5b48fdc7299c50839,yes,/data/scrollagent/runs/rev1/seed-search-1447/out/PHerc1447-seed01/C40/patch_8.bin,/data/scrollagent/runs/rev1/orphan-guard/scratch/out/plain/PHerc1447-seed01/C40/patch_8.bin
PHerc1447-seed01,plain,patch_8_colours.csv,5501f2ab34a9aa51b0b4ec85a19c883f1694ac49c8819c0a9b82839421dba5ff,5501f2ab34a9aa51b0b4ec85a19c883f1694ac49c8819c0a9b82839421dba5ff,yes,/data/scrollagent/runs/rev1/seed-search-1447/out/PHerc1447-seed01/C40/patch_8_colours.csv,/data/scrollagent/runs/rev1/orphan-guard/scratch/out/plain/PHerc1447-seed01/C40/patch_8_colours.csv
PHerc1447-seed01,plain,patch_9.bin,3842cc31d469c7a61948687793fa8bfcf7e3592e1c09ff3a19559dc306c1c4b5,3842cc31d469c7a61948687793fa8bfcf7e3592e1c09ff3a19559dc306c1c4b5,yes,/data/scrollagent/runs/rev1/seed-search-1447/out/PHerc1447-seed01/C40/patch_9.bin,/data/scrollagent/runs/rev1/orphan-guard/scratch/out/plain/PHerc1447-seed01/C40/patch_9.bin
PHerc1447-seed01,plain,patch_9_colours.csv,b6b1acb6d97b4a03dcaa6b8fff21865c04c8af3a245561fff6e32e4b2492dd37,b6b1acb6d97b4a03dcaa6b8fff21865c04c8af3a245561fff6e32e4b2492dd37,yes,/data/scrollagent/runs/rev1/seed-search-1447/out/PHerc1447-seed01/C40/patch_9_colours.csv,/data/scrollagent/runs/rev1/orphan-guard/scratch/out/plain/PHerc1447-seed01/C40/patch_9_colours.csv
PHerc1447-seed01,plain,patchorder.csv,137a8a2b64c564ae73b2a6a7ae70b01d0be0964afe985f0b4cee57def4ae43be,137a8a2b64c564ae73b2a6a7ae70b01d0be0964afe985f0b4cee57def4ae43be,yes,/data/scrollagent/runs/rev1/seed-search-1447/out/PHerc1447-seed01/C40/patchorder.csv,/data/scrollagent/runs/rev1/orphan-guard/scratch/out/plain/PHerc1447-seed01/C40/patchorder.csv
PHerc1447-seed01,plain,patchorders.csv,a22a3f3e72168a6e530d094ac3489ca058bcafb8031ed9ba943ba9cd063b8c13,a22a3f3e72168a6e530d094ac3489ca058bcafb8031ed9ba943ba9cd063b8c13,yes,/data/scrollagent/runs/rev1/seed-search-1447/out/PHerc1447-seed01/C40/patchorders.csv,/data/scrollagent/runs/rev1/orphan-guard/scratch/out/plain/PHerc1447-seed01/C40/patchorders.csv
PHerc1447-seed01,plain,rel.csv,e22a9a466c11036f87aa2f22fc0d0f4c6121d5cbccd598878f1f1c3a58a144bd,e22a9a466c11036f87aa2f22fc0d0f4c6121d5cbccd598878f1f1c3a58a144bd,yes,/data/scrollagent/runs/rev1/seed-search-1447/out/PHerc1447-seed01/C40/rel.csv,/data/scrollagent/runs/rev1/orphan-guard/scratch/out/plain/PHerc1447-seed01/C40/rel.csv
PHerc1447-seed15,plain,alignmentorders.txt,fb0fdb7a687128db542589c08732be16e3f31a20755fba4f57d5e46cf6f9b15d,fb0fdb7a687128db542589c08732be16e3f31a20755fba4f57d5e46cf6f9b15d,yes,/data/scrollagent/runs/rev1/seed-search-1447/out/PHerc1447-seed15/C40/alignmentorders.txt,/data/scrollagent/runs/rev1/orphan-guard/scratch/out/plain/PHerc1447-seed15/C40/alignmentorders.txt
PHerc1447-seed15,plain,badbridgess_out.csv,f13b82804cdc5b5373657360a91fdc8cff13c5a47c60331069d89f4a276a939c,f13b82804cdc5b5373657360a91fdc8cff13c5a47c60331069d89f4a276a939c,yes,/data/scrollagent/runs/rev1/seed-search-1447/out/PHerc1447-seed15/C40/badbridgess_out.csv,/data/scrollagent/runs/rev1/orphan-guard/scratch/out/plain/PHerc1447-seed15/C40/badbridgess_out.csv
PHerc1447-seed15,plain,badpatches.csv,0137002ba81b2cf659565600167937670a5efbc3594d9be91e28a9c4eb4fbe55,0137002ba81b2cf659565600167937670a5efbc3594d9be91e28a9c4eb4fbe55,yes,/data/scrollagent/runs/rev1/seed-search-1447/out/PHerc1447-seed15/C40/badpatches.csv,/data/scrollagent/runs/rev1/orphan-guard/scratch/out/plain/PHerc1447-seed15/C40/badpatches.csv
PHerc1447-seed15,plain,badpatchscores.csv,f9f23244f81cbbfb233db3d77641c5cf891bf5e5a5f33014c29d730f5ac24cd6,f9f23244f81cbbfb233db3d77641c5cf891bf5e5a5f33014c29d730f5ac24cd6,yes,/data/scrollagent/runs/rev1/seed-search-1447/out/PHerc1447-seed15/C40/badpatchscores.csv,/data/scrollagent/runs/rev1/orphan-guard/scratch/out/plain/PHerc1447-seed15/C40/badpatchscores.csv
PHerc1447-seed15,plain,neighbourss.csv,28ad0739b6be6f44ee620e30c044f02ec7542e5c2b758fe0c3088af79a0a0233,28ad0739b6be6f44ee620e30c044f02ec7542e5c2b758fe0c3088af79a0a0233,yes,/data/scrollagent/runs/rev1/seed-search-1447/out/PHerc1447-seed15/C40/neighbourss.csv,/data/scrollagent/runs/rev1/orphan-guard/scratch/out/plain/PHerc1447-seed15/C40/neighbourss.csv
PHerc1447-seed15,plain,patchPositions_0.txt,ede003860003f1281e832469c42275c26623fbe0642214415645a15db3b63142,ede003860003f1281e832469c42275c26623fbe0642214415645a15db3b63142,yes,/data/scrollagent/runs/rev1/seed-search-1447/out/PHerc1447-seed15/C40/patchPositions_0.txt,/data/scrollagent/runs/rev1/orphan-guard/scratch/out/plain/PHerc1447-seed15/C40/patchPositions_0.txt
PHerc1447-seed15,plain,patchPositions_1.txt,5a56701c39865dabb184d2fac362d11ba678fce5706e93034275b8395c10f308,5a56701c39865dabb184d2fac362d11ba678fce5706e93034275b8395c10f308,yes,/data/scrollagent/runs/rev1/seed-search-1447/out/PHerc1447-seed15/C40/patchPositions_1.txt,/data/scrollagent/runs/rev1/orphan-guard/scratch/out/plain/PHerc1447-seed15/C40/patchPositions_1.txt
PHerc1447-seed15,plain,patchPositions_2.txt,07493b990dd0d5e591baf8ab47654b2413e343bdf0a8cfa2c76d3bb89b7bf02b,07493b990dd0d5e591baf8ab47654b2413e343bdf0a8cfa2c76d3bb89b7bf02b,yes,/data/scrollagent/runs/rev1/seed-search-1447/out/PHerc1447-seed15/C40/patchPositions_2.txt,/data/scrollagent/runs/rev1/orphan-guard/scratch/out/plain/PHerc1447-seed15/C40/patchPositions_2.txt
PHerc1447-seed15,plain,patchPositions_3.txt,e30a96f9205dfa46663f3b788b91e988580d2606e4404d6bc0e9f4f6e27bdc8b,e30a96f9205dfa46663f3b788b91e988580d2606e4404d6bc0e9f4f6e27bdc8b,yes,/data/scrollagent/runs/rev1/seed-search-1447/out/PHerc1447-seed15/C40/patchPositions_3.txt,/data/scrollagent/runs/rev1/orphan-guard/scratch/out/plain/PHerc1447-seed15/C40/patchPositions_3.txt
PHerc1447-seed15,plain,patchPositions_4.txt,8d3cb59d38b5e36f9262c2c0fa5f9e8f375001cb0f9f9dca2e158a5754b51d0c,8d3cb59d38b5e36f9262c2c0fa5f9e8f375001cb0f9f9dca2e158a5754b51d0c,yes,/data/scrollagent/runs/rev1/seed-search-1447/out/PHerc1447-seed15/C40/patchPositions_4.txt,/data/scrollagent/runs/rev1/orphan-guard/scratch/out/plain/PHerc1447-seed15/C40/patchPositions_4.txt
PHerc1447-seed15,plain,patchPositions_5.txt,af918f844fc37757c13db471cedb1a709f6420868e96a82db298e2e0c79236d1,af918f844fc37757c13db471cedb1a709f6420868e96a82db298e2e0c79236d1,yes,/data/scrollagent/runs/rev1/seed-search-1447/out/PHerc1447-seed15/C40/patchPositions_5.txt,/data/scrollagent/runs/rev1/orphan-guard/scratch/out/plain/PHerc1447-seed15/C40/patchPositions_5.txt
PHerc1447-seed15,plain,patchPositions_6.txt,d6848077b9b8aa3d030febc3eaaa852b03b0ba97b337a985d46940b8b09ba53f,d6848077b9b8aa3d030febc3eaaa852b03b0ba97b337a985d46940b8b09ba53f,yes,/data/scrollagent/runs/rev1/seed-search-1447/out/PHerc1447-seed15/C40/patchPositions_6.txt,/data/scrollagent/runs/rev1/orphan-guard/scratch/out/plain/PHerc1447-seed15/C40/patchPositions_6.txt
PHerc1447-seed15,plain,patchPositions_7.txt,e968ab871b296c535fd04106bd7f1081252cabcb26720fa693b222791757330d,e968ab871b296c535fd04106bd7f1081252cabcb26720fa693b222791757330d,yes,/data/scrollagent/runs/rev1/seed-search-1447/out/PHerc1447-seed15/C40/patchPositions_7.txt,/data/scrollagent/runs/rev1/orphan-guard/scratch/out/plain/PHerc1447-seed15/C40/patchPositions_7.txt
PHerc1447-seed15,plain,patchPositions_8.txt,eea36a78beb5b7608420f414e2f3b3ec8dbcd4ea3fd17af45808b62175bc062a,eea36a78beb5b7608420f414e2f3b3ec8dbcd4ea3fd17af45808b62175bc062a,yes,/data/scrollagent/runs/rev1/seed-search-1447/out/PHerc1447-seed15/C40/patchPositions_8.txt,/data/scrollagent/runs/rev1/orphan-guard/scratch/out/plain/PHerc1447-seed15/C40/patchPositions_8.txt
PHerc1447-seed15,plain,patchPositions_9.txt,2084e9823f5ab4f9a9169f89f0f6f235a8e1be85080729fc830069c1477c3245,2084e9823f5ab4f9a9169f89f0f6f235a8e1be85080729fc830069c1477c3245,yes,/data/scrollagent/runs/rev1/seed-search-1447/out/PHerc1447-seed15/C40/patchPositions_9.txt,/data/scrollagent/runs/rev1/orphan-guard/scratch/out/plain/PHerc1447-seed15/C40/patchPositions_9.txt
PHerc1447-seed15,plain,patchVolCoords.csv,14136608da2adf483b6642f2458c319f6eb221136e6fbe9dd42ab13cc841f93a,14136608da2adf483b6642f2458c319f6eb221136e6fbe9dd42ab13cc841f93a,yes,/data/scrollagent/runs/rev1/seed-search-1447/out/PHerc1447-seed15/C40/patchVolCoords.csv,/data/scrollagent/runs/rev1/orphan-guard/scratch/out/plain/PHerc1447-seed15/C40/patchVolCoords.csv
PHerc1447-seed15,plain,patch_0.bin,6781f289c8adacee2e92978ceb8d819dc8081b27ed9c46cbfbb83bb578f0bf48,6781f289c8adacee2e92978ceb8d819dc8081b27ed9c46cbfbb83bb578f0bf48,yes,/data/scrollagent/runs/rev1/seed-search-1447/out/PHerc1447-seed15/C40/patch_0.bin,/data/scrollagent/runs/rev1/orphan-guard/scratch/out/plain/PHerc1447-seed15/C40/patch_0.bin
PHerc1447-seed15,plain,patch_0_colours.csv,c49823ac478348e508059ae63db017a538a6358dc035bec91c732718b223cedf,c49823ac478348e508059ae63db017a538a6358dc035bec91c732718b223cedf,yes,/data/scrollagent/runs/rev1/seed-search-1447/out/PHerc1447-seed15/C40/patch_0_colours.csv,/data/scrollagent/runs/rev1/orphan-guard/scratch/out/plain/PHerc1447-seed15/C40/patch_0_colours.csv
PHerc1447-seed15,plain,patch_1.bin,143ccc99daa27b5f86994d4edf27a188cb827dcaf5061a8a28b0c652d00c3298,143ccc99daa27b5f86994d4edf27a188cb827dcaf5061a8a28b0c652d00c3298,yes,/data/scrollagent/runs/rev1/seed-search-1447/out/PHerc1447-seed15/C40/patch_1.bin,/data/scrollagent/runs/rev1/orphan-guard/scratch/out/plain/PHerc1447-seed15/C40/patch_1.bin
PHerc1447-seed15,plain,patch_1_colours.csv,938fecfb99676169821836e1065c704932a7cc46abfa2b900153b8b51e201a5f,938fecfb99676169821836e1065c704932a7cc46abfa2b900153b8b51e201a5f,yes,/data/scrollagent/runs/rev1/seed-search-1447/out/PHerc1447-seed15/C40/patch_1_colours.csv,/data/scrollagent/runs/rev1/orphan-guard/scratch/out/plain/PHerc1447-seed15/C40/patch_1_colours.csv
PHerc1447-seed15,plain,patch_2.bin,9490fca053fb17de04a87ff38776a1c51e1c647ff0c313bcd11b4a223b6a3981,9490fca053fb17de04a87ff38776a1c51e1c647ff0c313bcd11b4a223b6a3981,yes,/data/scrollagent/runs/rev1/seed-search-1447/out/PHerc1447-seed15/C40/patch_2.bin,/data/scrollagent/runs/rev1/orphan-guard/scratch/out/plain/PHerc1447-seed15/C40/patch_2.bin
PHerc1447-seed15,plain,patch_2_colours.csv,ce46f4e34da45a2846a197ae85a2dae83336454a7e64a0a796a04d164aa923ae,ce46f4e34da45a2846a197ae85a2dae83336454a7e64a0a796a04d164aa923ae,yes,/data/scrollagent/runs/rev1/seed-search-1447/out/PHerc1447-seed15/C40/patch_2_colours.csv,/data/scrollagent/runs/rev1/orphan-guard/scratch/out/plain/PHerc1447-seed15/C40/patch_2_colours.csv
PHerc1447-seed15,plain,patch_3.bin,4528b03fa2a086cf6fd69087cca3ea66d140402bdb2f6d6ffd0f930143c9ffc0,4528b03fa2a086cf6fd69087cca3ea66d140402bdb2f6d6ffd0f930143c9ffc0,yes,/data/scrollagent/runs/rev1/seed-search-1447/out/PHerc1447-seed15/C40/patch_3.bin,/data/scrollagent/runs/rev1/orphan-guard/scratch/out/plain/PHerc1447-seed15/C40/patch_3.bin
PHerc1447-seed15,plain,patch_3_colours.csv,55ae0f09d95a3c5a83044757eabb1128ebd95637a32a514dc8da35e6e8b3f92d,55ae0f09d95a3c5a83044757eabb1128ebd95637a32a514dc8da35e6e8b3f92d,yes,/data/scrollagent/runs/rev1/seed-search-1447/out/PHerc1447-seed15/C40/patch_3_colours.csv,/data/scrollagent/runs/rev1/orphan-guard/scratch/out/plain/PHerc1447-seed15/C40/patch_3_colours.csv
PHerc1447-seed15,plain,patch_4.bin,9c7704f7f9113ec52473f060a214cb6b0958273eabe9fe225dfdc46a598fecf3,9c7704f7f9113ec52473f060a214cb6b0958273eabe9fe225dfdc46a598fecf3,yes,/data/scrollagent/runs/rev1/seed-search-1447/out/PHerc1447-seed15/C40/patch_4.bin,/data/scrollagent/runs/rev1/orphan-guard/scratch/out/plain/PHerc1447-seed15/C40/patch_4.bin
PHerc1447-seed15,plain,patch_4_colours.csv,9f55ee7315b663da6b55eab308cd86998467fb8da351e3794687fc91a7a4abcd,9f55ee7315b663da6b55eab308cd86998467fb8da351e3794687fc91a7a4abcd,yes,/data/scrollagent/runs/rev1/seed-search-1447/out/PHerc1447-seed15/C40/patch_4_colours.csv,/data/scrollagent/runs/rev1/orphan-guard/scratch/out/plain/PHerc1447-seed15/C40/patch_4_colours.csv
PHerc1447-seed15,plain,patch_5.bin,cfffff9be985b5cbf2840206d624488db28f148635913fb26e6e20335eefc7c9,cfffff9be985b5cbf2840206d624488db28f148635913fb26e6e20335eefc7c9,yes,/data/scrollagent/runs/rev1/seed-search-1447/out/PHerc1447-seed15/C40/patch_5.bin,/data/scrollagent/runs/rev1/orphan-guard/scratch/out/plain/PHerc1447-seed15/C40/patch_5.bin
PHerc1447-seed15,plain,patch_5_colours.csv,fd6b9bd2f55a212b3f5e989107f391538a7a9f51ea729ba2f4b23175c01e28c5,fd6b9bd2f55a212b3f5e989107f391538a7a9f51ea729ba2f4b23175c01e28c5,yes,/data/scrollagent/runs/rev1/seed-search-1447/out/PHerc1447-seed15/C40/patch_5_colours.csv,/data/scrollagent/runs/rev1/orphan-guard/scratch/out/plain/PHerc1447-seed15/C40/patch_5_colours.csv
PHerc1447-seed15,plain,patch_6.bin,5270d4e313e18e38e0546ba18c53f31f40f70da622b0498a3d13e53e5b006b77,5270d4e313e18e38e0546ba18c53f31f40f70da622b0498a3d13e53e5b006b77,yes,/data/scrollagent/runs/rev1/seed-search-1447/out/PHerc1447-seed15/C40/patch_6.bin,/data/scrollagent/runs/rev1/orphan-guard/scratch/out/plain/PHerc1447-seed15/C40/patch_6.bin
PHerc1447-seed15,plain,patch_6_colours.csv,e69cc6666cadd5fb540ed6da28bf0c2e2ddcf69e8a1313d5c36825f00df280f4,e69cc6666cadd5fb540ed6da28bf0c2e2ddcf69e8a1313d5c36825f00df280f4,yes,/data/scrollagent/runs/rev1/seed-search-1447/out/PHerc1447-seed15/C40/patch_6_colours.csv,/data/scrollagent/runs/rev1/orphan-guard/scratch/out/plain/PHerc1447-seed15/C40/patch_6_colours.csv
PHerc1447-seed15,plain,patch_7.bin,80e9528677b02566eb0492289259314266eca7615b1c4bbe2aa1c5c3466c3d74,80e9528677b02566eb0492289259314266eca7615b1c4bbe2aa1c5c3466c3d74,yes,/data/scrollagent/runs/rev1/seed-search-1447/out/PHerc1447-seed15/C40/patch_7.bin,/data/scrollagent/runs/rev1/orphan-guard/scratch/out/plain/PHerc1447-seed15/C40/patch_7.bin
PHerc1447-seed15,plain,patch_7_colours.csv,8e7010a63465eebb1fc4373fe96e5dc45b49a1e0af1147665eaa2bb965011e8f,8e7010a63465eebb1fc4373fe96e5dc45b49a1e0af1147665eaa2bb965011e8f,yes,/data/scrollagent/runs/rev1/seed-search-1447/out/PHerc1447-seed15/C40/patch_7_colours.csv,/data/scrollagent/runs/rev1/orphan-guard/scratch/out/plain/PHerc1447-seed15/C40/patch_7_colours.csv
PHerc1447-seed15,plain,patch_8.bin,18d13e5e89e0ccdd3a7319030d81620cd6ebb7746fef8fb029f7b6f0c6fb01be,18d13e5e89e0ccdd3a7319030d81620cd6ebb7746fef8fb029f7b6f0c6fb01be,yes,/data/scrollagent/runs/rev1/seed-search-1447/out/PHerc1447-seed15/C40/patch_8.bin,/data/scrollagent/runs/rev1/orphan-guard/scratch/out/plain/PHerc1447-seed15/C40/patch_8.bin
PHerc1447-seed15,plain,patch_8_colours.csv,ab40bfc3551848e0acac81db2008e5745007b3793c78f7217506ff18cd7bf7a3,ab40bfc3551848e0acac81db2008e5745007b3793c78f7217506ff18cd7bf7a3,yes,/data/scrollagent/runs/rev1/seed-search-1447/out/PHerc1447-seed15/C40/patch_8_colours.csv,/data/scrollagent/runs/rev1/orphan-guard/scratch/out/plain/PHerc1447-seed15/C40/patch_8_colours.csv
PHerc1447-seed15,plain,patch_9.bin,05d204d212cd09eb584d116b95be25080b998555e7b00793922c74dfbbeb8440,05d204d212cd09eb584d116b95be25080b998555e7b00793922c74dfbbeb8440,yes,/data/scrollagent/runs/rev1/seed-search-1447/out/PHerc1447-seed15/C40/patch_9.bin,/data/scrollagent/runs/rev1/orphan-guard/scratch/out/plain/PHerc1447-seed15/C40/patch_9.bin
PHerc1447-seed15,plain,patch_9_colours.csv,e4f02a0e6971b5164ffd99709a96dec9ccb52b2d21da6a45a82dfe19307e8269,e4f02a0e6971b5164ffd99709a96dec9ccb52b2d21da6a45a82dfe19307e8269,yes,/data/scrollagent/runs/rev1/seed-search-1447/out/PHerc1447-seed15/C40/patch_9_colours.csv,/data/scrollagent/runs/rev1/orphan-guard/scratch/out/plain/PHerc1447-seed15/C40/patch_9_colours.csv
PHerc1447-seed15,plain,patchorder.csv,bf00e80c881335f21e47fc3114b00202208017583d4b2a363b298f10c194a519,bf00e80c881335f21e47fc3114b00202208017583d4b2a363b298f10c194a519,yes,/data/scrollagent/runs/rev1/seed-search-1447/out/PHerc1447-seed15/C40/patchorder.csv,/data/scrollagent/runs/rev1/orphan-guard/scratch/out/plain/PHerc1447-seed15/C40/patchorder.csv
PHerc1447-seed15,plain,patchorders.csv,a30efddc1960e2ff1742bed53e3f1b0a392a652d4c6b7cb3d2c88f639bb12c4e,a30efddc1960e2ff1742bed53e3f1b0a392a652d4c6b7cb3d2c88f639bb12c4e,yes,/data/scrollagent/runs/rev1/seed-search-1447/out/PHerc1447-seed15/C40/patchorders.csv,/data/scrollagent/runs/rev1/orphan-guard/scratch/out/plain/PHerc1447-seed15/C40/patchorders.csv
PHerc1447-seed15,plain,rel.csv,ee697b01021c10490665135695c2efc62167bea84825ccb0a865722f0ee16a06,ee697b01021c10490665135695c2efc62167bea84825ccb0a865722f0ee16a06,yes,/data/scrollagent/runs/rev1/seed-search-1447/out/PHerc1447-seed15/C40/rel.csv,/data/scrollagent/runs/rev1/orphan-guard/scratch/out/plain/PHerc1447-seed15/C40/rel.csv
PHerc1447-seed26,plain,alignmentorders.txt,acd6eb75c06bba939a2786cf006eac65144ec3a790dbfef4ebf8cdad4dc53763,acd6eb75c06bba939a2786cf006eac65144ec3a790dbfef4ebf8cdad4dc53763,yes,/data/scrollagent/runs/rev1/seed-search-1447/out/PHerc1447-seed26/C40/alignmentorders.txt,/data/scrollagent/runs/rev1/orphan-guard/scratch/out/plain/PHerc1447-seed26/C40/alignmentorders.txt
PHerc1447-seed26,plain,badbridgess_out.csv,32f2411a9b37894c9827668222d13471b21b3e6f6e5efc0e315aa356a47b253a,32f2411a9b37894c9827668222d13471b21b3e6f6e5efc0e315aa356a47b253a,yes,/data/scrollagent/runs/rev1/seed-search-1447/out/PHerc1447-seed26/C40/badbridgess_out.csv,/data/scrollagent/runs/rev1/orphan-guard/scratch/out/plain/PHerc1447-seed26/C40/badbridgess_out.csv
PHerc1447-seed26,plain,badpatches.csv,727973f89d6b932091924cc2718fe421886184d160f3a80380cc090e3a35a0eb,727973f89d6b932091924cc2718fe421886184d160f3a80380cc090e3a35a0eb,yes,/data/scrollagent/runs/rev1/seed-search-1447/out/PHerc1447-seed26/C40/badpatches.csv,/data/scrollagent/runs/rev1/orphan-guard/scratch/out/plain/PHerc1447-seed26/C40/badpatches.csv
PHerc1447-seed26,plain,badpatchscores.csv,61db6a29dd0dab839689ce7e7f022cdfd3295c6a1dfbe0c6499fa2e3d2975e45,61db6a29dd0dab839689ce7e7f022cdfd3295c6a1dfbe0c6499fa2e3d2975e45,yes,/data/scrollagent/runs/rev1/seed-search-1447/out/PHerc1447-seed26/C40/badpatchscores.csv,/data/scrollagent/runs/rev1/orphan-guard/scratch/out/plain/PHerc1447-seed26/C40/badpatchscores.csv
PHerc1447-seed26,plain,neighbourss.csv,cac50e87a13c4641131a215028dcb80c796ad59d2f939dcdd267b8d509d0bc7e,cac50e87a13c4641131a215028dcb80c796ad59d2f939dcdd267b8d509d0bc7e,yes,/data/scrollagent/runs/rev1/seed-search-1447/out/PHerc1447-seed26/C40/neighbourss.csv,/data/scrollagent/runs/rev1/orphan-guard/scratch/out/plain/PHerc1447-seed26/C40/neighbourss.csv
PHerc1447-seed26,plain,patchPositions_0.txt,3c645f73cab23f81422ae1c41941a9053afa1796594303e264f8e59bb1ad530c,3c645f73cab23f81422ae1c41941a9053afa1796594303e264f8e59bb1ad530c,yes,/data/scrollagent/runs/rev1/seed-search-1447/out/PHerc1447-seed26/C40/patchPositions_0.txt,/data/scrollagent/runs/rev1/orphan-guard/scratch/out/plain/PHerc1447-seed26/C40/patchPositions_0.txt
PHerc1447-seed26,plain,patchPositions_1.txt,a9fc26f0dc66a2d4ba714e035427c8c327387a3f00acb1a7d3af4c70c2e0da56,a9fc26f0dc66a2d4ba714e035427c8c327387a3f00acb1a7d3af4c70c2e0da56,yes,/data/scrollagent/runs/rev1/seed-search-1447/out/PHerc1447-seed26/C40/patchPositions_1.txt,/data/scrollagent/runs/rev1/orphan-guard/scratch/out/plain/PHerc1447-seed26/C40/patchPositions_1.txt
PHerc1447-seed26,plain,patchPositions_2.txt,8f8d1a1d5909db4a9b6a12dd4e225f081d54ae2de3c2c82c8e9f288f3dfd8d70,8f8d1a1d5909db4a9b6a12dd4e225f081d54ae2de3c2c82c8e9f288f3dfd8d70,yes,/data/scrollagent/runs/rev1/seed-search-1447/out/PHerc1447-seed26/C40/patchPositions_2.txt,/data/scrollagent/runs/rev1/orphan-guard/scratch/out/plain/PHerc1447-seed26/C40/patchPositions_2.txt
PHerc1447-seed26,plain,patchPositions_3.txt,35aa1b89d9df96337a4130eff64a2a19e622686f4aaa4fc2ffb01c7b48684dff,35aa1b89d9df96337a4130eff64a2a19e622686f4aaa4fc2ffb01c7b48684dff,yes,/data/scrollagent/runs/rev1/seed-search-1447/out/PHerc1447-seed26/C40/patchPositions_3.txt,/data/scrollagent/runs/rev1/orphan-guard/scratch/out/plain/PHerc1447-seed26/C40/patchPositions_3.txt
PHerc1447-seed26,plain,patchPositions_4.txt,c39c872d9d893700103b99b9bc4428959fdad5c8af0e40dbf5f11b5eea011f6f,c39c872d9d893700103b99b9bc4428959fdad5c8af0e40dbf5f11b5eea011f6f,yes,/data/scrollagent/runs/rev1/seed-search-1447/out/PHerc1447-seed26/C40/patchPositions_4.txt,/data/scrollagent/runs/rev1/orphan-guard/scratch/out/plain/PHerc1447-seed26/C40/patchPositions_4.txt
PHerc1447-seed26,plain,patchPositions_5.txt,f45e86f1da16870153d7d867802f1ad1bfd8858e6596a85e1eaf7058dc50a06f,f45e86f1da16870153d7d867802f1ad1bfd8858e6596a85e1eaf7058dc50a06f,yes,/data/scrollagent/runs/rev1/seed-search-1447/out/PHerc1447-seed26/C40/patchPositions_5.txt,/data/scrollagent/runs/rev1/orphan-guard/scratch/out/plain/PHerc1447-seed26/C40/patchPositions_5.txt
PHerc1447-seed26,plain,patchPositions_6.txt,2c1f04371f4b4b7a10e68f6abee7a575bd973a2fdc5ae6f2580e85b65652a9b5,2c1f04371f4b4b7a10e68f6abee7a575bd973a2fdc5ae6f2580e85b65652a9b5,yes,/data/scrollagent/runs/rev1/seed-search-1447/out/PHerc1447-seed26/C40/patchPositions_6.txt,/data/scrollagent/runs/rev1/orphan-guard/scratch/out/plain/PHerc1447-seed26/C40/patchPositions_6.txt
PHerc1447-seed26,plain,patchPositions_7.txt,353e0e1df6522a893efee3311f29089f10ac01fc0afe17c2576c8ab92f3d4ba9,353e0e1df6522a893efee3311f29089f10ac01fc0afe17c2576c8ab92f3d4ba9,yes,/data/scrollagent/runs/rev1/seed-search-1447/out/PHerc1447-seed26/C40/patchPositions_7.txt,/data/scrollagent/runs/rev1/orphan-guard/scratch/out/plain/PHerc1447-seed26/C40/patchPositions_7.txt
PHerc1447-seed26,plain,patchPositions_8.txt,428be92f8b7cd3c9d83fba290755ad33411239f85a1f86dc723199cb05589179,428be92f8b7cd3c9d83fba290755ad33411239f85a1f86dc723199cb05589179,yes,/data/scrollagent/runs/rev1/seed-search-1447/out/PHerc1447-seed26/C40/patchPositions_8.txt,/data/scrollagent/runs/rev1/orphan-guard/scratch/out/plain/PHerc1447-seed26/C40/patchPositions_8.txt
PHerc1447-seed26,plain,patchPositions_9.txt,c8b58b238494deab7ffcb41215c0769b8f45fdd89dbf251f645acc6a9360ae52,c8b58b238494deab7ffcb41215c0769b8f45fdd89dbf251f645acc6a9360ae52,yes,/data/scrollagent/runs/rev1/seed-search-1447/out/PHerc1447-seed26/C40/patchPositions_9.txt,/data/scrollagent/runs/rev1/orphan-guard/scratch/out/plain/PHerc1447-seed26/C40/patchPositions_9.txt
PHerc1447-seed26,plain,patchVolCoords.csv,56fb4d98d2325c8f40f8544e226c59fd8fe6848782386bee256c516e9b111a70,56fb4d98d2325c8f40f8544e226c59fd8fe6848782386bee256c516e9b111a70,yes,/data/scrollagent/runs/rev1/seed-search-1447/out/PHerc1447-seed26/C40/patchVolCoords.csv,/data/scrollagent/runs/rev1/orphan-guard/scratch/out/plain/PHerc1447-seed26/C40/patchVolCoords.csv
PHerc1447-seed26,plain,patch_0.bin,af7f20ca2b3a59f1c65e807066b08fa97562c8447c5addc9b97863e13426b8d3,af7f20ca2b3a59f1c65e807066b08fa97562c8447c5addc9b97863e13426b8d3,yes,/data/scrollagent/runs/rev1/seed-search-1447/out/PHerc1447-seed26/C40/patch_0.bin,/data/scrollagent/runs/rev1/orphan-guard/scratch/out/plain/PHerc1447-seed26/C40/patch_0.bin
PHerc1447-seed26,plain,patch_0_colours.csv,bc9ee50fc45bd632988eae7e6e4969b4b69560f233923de0b9f830ce7cf5310c,bc9ee50fc45bd632988eae7e6e4969b4b69560f233923de0b9f830ce7cf5310c,yes,/data/scrollagent/runs/rev1/seed-search-1447/out/PHerc1447-seed26/C40/patch_0_colours.csv,/data/scrollagent/runs/rev1/orphan-guard/scratch/out/plain/PHerc1447-seed26/C40/patch_0_colours.csv
PHerc1447-seed26,plain,patch_1.bin,242d6fbd34ad19f5ce098d52d6fbaac33b76afd1a6a2bcae1dcaa9f990fca619,242d6fbd34ad19f5ce098d52d6fbaac33b76afd1a6a2bcae1dcaa9f990fca619,yes,/data/scrollagent/runs/rev1/seed-search-1447/out/PHerc1447-seed26/C40/patch_1.bin,/data/scrollagent/runs/rev1/orphan-guard/scratch/out/plain/PHerc1447-seed26/C40/patch_1.bin
PHerc1447-seed26,plain,patch_1_colours.csv,88a521c52a3b859a715496feda14d7c839f075826305a8eff7aa98465ef21c03,88a521c52a3b859a715496feda14d7c839f075826305a8eff7aa98465ef21c03,yes,/data/scrollagent/runs/rev1/seed-search-1447/out/PHerc1447-seed26/C40/patch_1_colours.csv,/data/scrollagent/runs/rev1/orphan-guard/scratch/out/plain/PHerc1447-seed26/C40/patch_1_colours.csv
PHerc1447-seed26,plain,patch_2.bin,b6066c8bbad8576054482c1e34c710e44809d3ee6a987e929337d566c9d2f1f9,b6066c8bbad8576054482c1e34c710e44809d3ee6a987e929337d566c9d2f1f9,yes,/data/scrollagent/runs/rev1/seed-search-1447/out/PHerc1447-seed26/C40/patch_2.bin,/data/scrollagent/runs/rev1/orphan-guard/scratch/out/plain/PHerc1447-seed26/C40/patch_2.bin
PHerc1447-seed26,plain,patch_2_colours.csv,b1b051c7a1997db8088d8fcdc3aef843bd1b07c92f66329a33368bfe06c2e7cb,b1b051c7a1997db8088d8fcdc3aef843bd1b07c92f66329a33368bfe06c2e7cb,yes,/data/scrollagent/runs/rev1/seed-search-1447/out/PHerc1447-seed26/C40/patch_2_colours.csv,/data/scrollagent/runs/rev1/orphan-guard/scratch/out/plain/PHerc1447-seed26/C40/patch_2_colours.csv
PHerc1447-seed26,plain,patch_3.bin,a87dce54805c0f0e9dcc6e1759db7cd22e07b406571c6cc002ca45fe99886ed1,a87dce54805c0f0e9dcc6e1759db7cd22e07b406571c6cc002ca45fe99886ed1,yes,/data/scrollagent/runs/rev1/seed-search-1447/out/PHerc1447-seed26/C40/patch_3.bin,/data/scrollagent/runs/rev1/orphan-guard/scratch/out/plain/PHerc1447-seed26/C40/patch_3.bin
PHerc1447-seed26,plain,patch_3_colours.csv,c4b27bfc717ce53b09ed0fc0422cbbe94fe2b5bc0b50e040e674f9add06e22d4,c4b27bfc717ce53b09ed0fc0422cbbe94fe2b5bc0b50e040e674f9add06e22d4,yes,/data/scrollagent/runs/rev1/seed-search-1447/out/PHerc1447-seed26/C40/patch_3_colours.csv,/data/scrollagent/runs/rev1/orphan-guard/scratch/out/plain/PHerc1447-seed26/C40/patch_3_colours.csv
PHerc1447-seed26,plain,patch_4.bin,b266e7bc85fc724e5a0747c3eff67614c8ffac0fadee0914527e7a0abaf8d02a,b266e7bc85fc724e5a0747c3eff67614c8ffac0fadee0914527e7a0abaf8d02a,yes,/data/scrollagent/runs/rev1/seed-search-1447/out/PHerc1447-seed26/C40/patch_4.bin,/data/scrollagent/runs/rev1/orphan-guard/scratch/out/plain/PHerc1447-seed26/C40/patch_4.bin
PHerc1447-seed26,plain,patch_4_colours.csv,4bbf38659b04c5bf3c2854877497928b868e86fe1b4005a7a208b1003c92a176,4bbf38659b04c5bf3c2854877497928b868e86fe1b4005a7a208b1003c92a176,yes,/data/scrollagent/runs/rev1/seed-search-1447/out/PHerc1447-seed26/C40/patch_4_colours.csv,/data/scrollagent/runs/rev1/orphan-guard/scratch/out/plain/PHerc1447-seed26/C40/patch_4_colours.csv
PHerc1447-seed26,plain,patch_5.bin,e2702519fae969d1e2c4ea4716aeec9ca4cfa6895bb2ad3af8a306316a733369,e2702519fae969d1e2c4ea4716aeec9ca4cfa6895bb2ad3af8a306316a733369,yes,/data/scrollagent/runs/rev1/seed-search-1447/out/PHerc1447-seed26/C40/patch_5.bin,/data/scrollagent/runs/rev1/orphan-guard/scratch/out/plain/PHerc1447-seed26/C40/patch_5.bin
PHerc1447-seed26,plain,patch_5_colours.csv,329725977aad776ae29c68b56e3fedd0fdb3fb936b9447e15dbf4f78fd2be654,329725977aad776ae29c68b56e3fedd0fdb3fb936b9447e15dbf4f78fd2be654,yes,/data/scrollagent/runs/rev1/seed-search-1447/out/PHerc1447-seed26/C40/patch_5_colours.csv,/data/scrollagent/runs/rev1/orphan-guard/scratch/out/plain/PHerc1447-seed26/C40/patch_5_colours.csv
PHerc1447-seed26,plain,patch_6.bin,4697adc928435592841181edb493063cbc79267eec21533dd44450625a4e7ddd,4697adc928435592841181edb493063cbc79267eec21533dd44450625a4e7ddd,yes,/data/scrollagent/runs/rev1/seed-search-1447/out/PHerc1447-seed26/C40/patch_6.bin,/data/scrollagent/runs/rev1/orphan-guard/scratch/out/plain/PHerc1447-seed26/C40/patch_6.bin
PHerc1447-seed26,plain,patch_6_colours.csv,77a472bfc4b4d3017600fd226ecbd5525b7a180730dce645eb6ab2f060e28da9,77a472bfc4b4d3017600fd226ecbd5525b7a180730dce645eb6ab2f060e28da9,yes,/data/scrollagent/runs/rev1/seed-search-1447/out/PHerc1447-seed26/C40/patch_6_colours.csv,/data/scrollagent/runs/rev1/orphan-guard/scratch/out/plain/PHerc1447-seed26/C40/patch_6_colours.csv
PHerc1447-seed26,plain,patch_7.bin,c60b0aa6258a3c432ce5cd6cd88fa7b6172b80b79461ed480c7dac0f0697bbe5,c60b0aa6258a3c432ce5cd6cd88fa7b6172b80b79461ed480c7dac0f0697bbe5,yes,/data/scrollagent/runs/rev1/seed-search-1447/out/PHerc1447-seed26/C40/patch_7.bin,/data/scrollagent/runs/rev1/orphan-guard/scratch/out/plain/PHerc1447-seed26/C40/patch_7.bin
PHerc1447-seed26,plain,patch_7_colours.csv,82b3cf1cabcb0fcfa35cc2a7bffdc136156cf1f8bc7b83192064ae2ace699958,82b3cf1cabcb0fcfa35cc2a7bffdc136156cf1f8bc7b83192064ae2ace699958,yes,/data/scrollagent/runs/rev1/seed-search-1447/out/PHerc1447-seed26/C40/patch_7_colours.csv,/data/scrollagent/runs/rev1/orphan-guard/scratch/out/plain/PHerc1447-seed26/C40/patch_7_colours.csv
PHerc1447-seed26,plain,patch_8.bin,452b8757ffeb078677033c1ca17e0346913d80354f4fbcac0f0f8b50ad7533df,452b8757ffeb078677033c1ca17e0346913d80354f4fbcac0f0f8b50ad7533df,yes,/data/scrollagent/runs/rev1/seed-search-1447/out/PHerc1447-seed26/C40/patch_8.bin,/data/scrollagent/runs/rev1/orphan-guard/scratch/out/plain/PHerc1447-seed26/C40/patch_8.bin
PHerc1447-seed26,plain,patch_8_colours.csv,a358b5fd6314173c7c679cbc47b5f0c9015711dfab30b62a301ce2fdbdde8fd3,a358b5fd6314173c7c679cbc47b5f0c9015711dfab30b62a301ce2fdbdde8fd3,yes,/data/scrollagent/runs/rev1/seed-search-1447/out/PHerc1447-seed26/C40/patch_8_colours.csv,/data/scrollagent/runs/rev1/orphan-guard/scratch/out/plain/PHerc1447-seed26/C40/patch_8_colours.csv
PHerc1447-seed26,plain,patch_9.bin,7c3edb3df7a0b2ed32769905538a1049ac09dca42ea78ad65389534a8088378d,7c3edb3df7a0b2ed32769905538a1049ac09dca42ea78ad65389534a8088378d,yes,/data/scrollagent/runs/rev1/seed-search-1447/out/PHerc1447-seed26/C40/patch_9.bin,/data/scrollagent/runs/rev1/orphan-guard/scratch/out/plain/PHerc1447-seed26/C40/patch_9.bin
PHerc1447-seed26,plain,patch_9_colours.csv,262dc6d03d5c725403c830581db9e9d1d1fdee305ec10f409338a320a6e0a8f5,262dc6d03d5c725403c830581db9e9d1d1fdee305ec10f409338a320a6e0a8f5,yes,/data/scrollagent/runs/rev1/seed-search-1447/out/PHerc1447-seed26/C40/patch_9_colours.csv,/data/scrollagent/runs/rev1/orphan-guard/scratch/out/plain/PHerc1447-seed26/C40/patch_9_colours.csv
PHerc1447-seed26,plain,patchorder.csv,b7b0faa9701a7cb1d0853553ce91458567e32b025774bec9ccfcd60ae5be1f15,b7b0faa9701a7cb1d0853553ce91458567e32b025774bec9ccfcd60ae5be1f15,yes,/data/scrollagent/runs/rev1/seed-search-1447/out/PHerc1447-seed26/C40/patchorder.csv,/data/scrollagent/runs/rev1/orphan-guard/scratch/out/plain/PHerc1447-seed26/C40/patchorder.csv
PHerc1447-seed26,plain,patchorders.csv,26ce31c94f98c3e6823fbd53905c6e5c1224882d0c6df9445009bde9a04b47b9,26ce31c94f98c3e6823fbd53905c6e5c1224882d0c6df9445009bde9a04b47b9,yes,/data/scrollagent/runs/rev1/seed-search-1447/out/PHerc1447-seed26/C40/patchorders.csv,/data/scrollagent/runs/rev1/orphan-guard/scratch/out/plain/PHerc1447-seed26/C40/patchorders.csv
PHerc1447-seed26,plain,rel.csv,2b90bd61e3f0c2cc12ee7bb970bd65806860afd003069f64b8ec88605962aacc,2b90bd61e3f0c2cc12ee7bb970bd65806860afd003069f64b8ec88605962aacc,yes,/data/scrollagent/runs/rev1/seed-search-1447/out/PHerc1447-seed26/C40/rel.csv,/data/scrollagent/runs/rev1/orphan-guard/scratch/out/plain/PHerc1447-seed26/C40/rel.csv
PHerc1447-seed01,guard,alignmentorders.txt,bd3f515f28cb49c229dca7ad170a9fbe25dce72de5ef3b58f86f671e0a00aba4,bd3f515f28cb49c229dca7ad170a9fbe25dce72de5ef3b58f86f671e0a00aba4,yes,/data/scrollagent/runs/rev1/seed-search-1447/out/PHerc1447-seed01/C40/alignmentorders.txt,/data/scrollagent/runs/rev1/orphan-guard/scratch/out/guard/PHerc1447-seed01/C40/alignmentorders.txt
PHerc1447-seed01,guard,badbridgess_out.csv,e7251235d8df581ee8f982b04710259c6110c0c1eaa24aa4745f3db6914b7754,e7251235d8df581ee8f982b04710259c6110c0c1eaa24aa4745f3db6914b7754,yes,/data/scrollagent/runs/rev1/seed-search-1447/out/PHerc1447-seed01/C40/badbridgess_out.csv,/data/scrollagent/runs/rev1/orphan-guard/scratch/out/guard/PHerc1447-seed01/C40/badbridgess_out.csv
PHerc1447-seed01,guard,badpatches.csv,ba4c85bff7b9d5ae4c1a78357ce6f261a26cf71772917e2948938a85d1e30cbe,ba4c85bff7b9d5ae4c1a78357ce6f261a26cf71772917e2948938a85d1e30cbe,yes,/data/scrollagent/runs/rev1/seed-search-1447/out/PHerc1447-seed01/C40/badpatches.csv,/data/scrollagent/runs/rev1/orphan-guard/scratch/out/guard/PHerc1447-seed01/C40/badpatches.csv
PHerc1447-seed01,guard,badpatchscores.csv,df81667c6854bcd6027e2ee49d52a5280148654c4086eba3801657dbe88496d5,df81667c6854bcd6027e2ee49d52a5280148654c4086eba3801657dbe88496d5,yes,/data/scrollagent/runs/rev1/seed-search-1447/out/PHerc1447-seed01/C40/badpatchscores.csv,/data/scrollagent/runs/rev1/orphan-guard/scratch/out/guard/PHerc1447-seed01/C40/badpatchscores.csv
PHerc1447-seed01,guard,neighbourss.csv,2c564f5eb94ca2fcd69ede336fb68487ec1d821e0e7d08155e696f7f2f92a289,2c564f5eb94ca2fcd69ede336fb68487ec1d821e0e7d08155e696f7f2f92a289,yes,/data/scrollagent/runs/rev1/seed-search-1447/out/PHerc1447-seed01/C40/neighbourss.csv,/data/scrollagent/runs/rev1/orphan-guard/scratch/out/guard/PHerc1447-seed01/C40/neighbourss.csv
PHerc1447-seed01,guard,patchPositions_0.txt,9cae0db7ecdf8e4e047d61735240ff75dd9dea053a2ee843db8b976dde719f98,9cae0db7ecdf8e4e047d61735240ff75dd9dea053a2ee843db8b976dde719f98,yes,/data/scrollagent/runs/rev1/seed-search-1447/out/PHerc1447-seed01/C40/patchPositions_0.txt,/data/scrollagent/runs/rev1/orphan-guard/scratch/out/guard/PHerc1447-seed01/C40/patchPositions_0.txt
PHerc1447-seed01,guard,patchPositions_1.txt,7aacb4d79742b42e71ca74203f44af666470c75d4a3fede3e67ee4654132f486,7aacb4d79742b42e71ca74203f44af666470c75d4a3fede3e67ee4654132f486,yes,/data/scrollagent/runs/rev1/seed-search-1447/out/PHerc1447-seed01/C40/patchPositions_1.txt,/data/scrollagent/runs/rev1/orphan-guard/scratch/out/guard/PHerc1447-seed01/C40/patchPositions_1.txt
PHerc1447-seed01,guard,patchPositions_2.txt,026c05b1535f9fadea2e9855d45c88a90b483e9fc06cb717cbca03e0873827d8,026c05b1535f9fadea2e9855d45c88a90b483e9fc06cb717cbca03e0873827d8,yes,/data/scrollagent/runs/rev1/seed-search-1447/out/PHerc1447-seed01/C40/patchPositions_2.txt,/data/scrollagent/runs/rev1/orphan-guard/scratch/out/guard/PHerc1447-seed01/C40/patchPositions_2.txt
PHerc1447-seed01,guard,patchPositions_3.txt,82c141520d5b5e55dccf156f2979bd8051fc7150624cd9b529b40a18a5721f5e,82c141520d5b5e55dccf156f2979bd8051fc7150624cd9b529b40a18a5721f5e,yes,/data/scrollagent/runs/rev1/seed-search-1447/out/PHerc1447-seed01/C40/patchPositions_3.txt,/data/scrollagent/runs/rev1/orphan-guard/scratch/out/guard/PHerc1447-seed01/C40/patchPositions_3.txt
PHerc1447-seed01,guard,patchPositions_4.txt,0501b156793b5e19b3a081338090b38dc84f34ef8df87bd6de48f5291f49bac3,0501b156793b5e19b3a081338090b38dc84f34ef8df87bd6de48f5291f49bac3,yes,/data/scrollagent/runs/rev1/seed-search-1447/out/PHerc1447-seed01/C40/patchPositions_4.txt,/data/scrollagent/runs/rev1/orphan-guard/scratch/out/guard/PHerc1447-seed01/C40/patchPositions_4.txt
PHerc1447-seed01,guard,patchPositions_5.txt,3dce84b649d985b643365fae4cef049fe2676da23f47007e76b741f87b493509,3dce84b649d985b643365fae4cef049fe2676da23f47007e76b741f87b493509,yes,/data/scrollagent/runs/rev1/seed-search-1447/out/PHerc1447-seed01/C40/patchPositions_5.txt,/data/scrollagent/runs/rev1/orphan-guard/scratch/out/guard/PHerc1447-seed01/C40/patchPositions_5.txt
PHerc1447-seed01,guard,patchPositions_6.txt,2f7a96bdaff8015ccd244f3a93c415160ae322767146472bb2c45117585ccd13,2f7a96bdaff8015ccd244f3a93c415160ae322767146472bb2c45117585ccd13,yes,/data/scrollagent/runs/rev1/seed-search-1447/out/PHerc1447-seed01/C40/patchPositions_6.txt,/data/scrollagent/runs/rev1/orphan-guard/scratch/out/guard/PHerc1447-seed01/C40/patchPositions_6.txt
PHerc1447-seed01,guard,patchPositions_7.txt,a2620396271b7767cef210866d573c99f27f7ba66dadb47ca3d9c5716b27f839,a2620396271b7767cef210866d573c99f27f7ba66dadb47ca3d9c5716b27f839,yes,/data/scrollagent/runs/rev1/seed-search-1447/out/PHerc1447-seed01/C40/patchPositions_7.txt,/data/scrollagent/runs/rev1/orphan-guard/scratch/out/guard/PHerc1447-seed01/C40/patchPositions_7.txt
PHerc1447-seed01,guard,patchPositions_8.txt,d90789a53ad72e8aac4fd68436c3ad080cb6cedccc1e262e898f79772c032388,d90789a53ad72e8aac4fd68436c3ad080cb6cedccc1e262e898f79772c032388,yes,/data/scrollagent/runs/rev1/seed-search-1447/out/PHerc1447-seed01/C40/patchPositions_8.txt,/data/scrollagent/runs/rev1/orphan-guard/scratch/out/guard/PHerc1447-seed01/C40/patchPositions_8.txt
PHerc1447-seed01,guard,patchPositions_9.txt,cc5e17cf6fd716a89b56436f0f83b27529728659c6bc34743748a689ad978b2a,cc5e17cf6fd716a89b56436f0f83b27529728659c6bc34743748a689ad978b2a,yes,/data/scrollagent/runs/rev1/seed-search-1447/out/PHerc1447-seed01/C40/patchPositions_9.txt,/data/scrollagent/runs/rev1/orphan-guard/scratch/out/guard/PHerc1447-seed01/C40/patchPositions_9.txt
PHerc1447-seed01,guard,patchVolCoords.csv,aef09c9d1c5e0200ce4c98c86638e5927019d140c887eaa4c47b0592f810d389,aef09c9d1c5e0200ce4c98c86638e5927019d140c887eaa4c47b0592f810d389,yes,/data/scrollagent/runs/rev1/seed-search-1447/out/PHerc1447-seed01/C40/patchVolCoords.csv,/data/scrollagent/runs/rev1/orphan-guard/scratch/out/guard/PHerc1447-seed01/C40/patchVolCoords.csv
PHerc1447-seed01,guard,patch_0.bin,bd5a069ffabac2910946ffd5ebb48db6abd5658d4baa3f5d6a825eb1f3c107e6,bd5a069ffabac2910946ffd5ebb48db6abd5658d4baa3f5d6a825eb1f3c107e6,yes,/data/scrollagent/runs/rev1/seed-search-1447/out/PHerc1447-seed01/C40/patch_0.bin,/data/scrollagent/runs/rev1/orphan-guard/scratch/out/guard/PHerc1447-seed01/C40/patch_0.bin
PHerc1447-seed01,guard,patch_0_colours.csv,2c934c56008dc8c3a3925aff39274546ddb2e9eab67d352f346cfda5870299f5,2c934c56008dc8c3a3925aff39274546ddb2e9eab67d352f346cfda5870299f5,yes,/data/scrollagent/runs/rev1/seed-search-1447/out/PHerc1447-seed01/C40/patch_0_colours.csv,/data/scrollagent/runs/rev1/orphan-guard/scratch/out/guard/PHerc1447-seed01/C40/patch_0_colours.csv
PHerc1447-seed01,guard,patch_1.bin,0eebd7f8953ec687f1bf2e6c3f343b57576993353e49550ddbb6af1b30192811,0eebd7f8953ec687f1bf2e6c3f343b57576993353e49550ddbb6af1b30192811,yes,/data/scrollagent/runs/rev1/seed-search-1447/out/PHerc1447-seed01/C40/patch_1.bin,/data/scrollagent/runs/rev1/orphan-guard/scratch/out/guard/PHerc1447-seed01/C40/patch_1.bin
PHerc1447-seed01,guard,patch_1_colours.csv,39c778968aea4a0c3624192a24b37c0a056c20c83d24b521714fcf1a427bbad9,39c778968aea4a0c3624192a24b37c0a056c20c83d24b521714fcf1a427bbad9,yes,/data/scrollagent/runs/rev1/seed-search-1447/out/PHerc1447-seed01/C40/patch_1_colours.csv,/data/scrollagent/runs/rev1/orphan-guard/scratch/out/guard/PHerc1447-seed01/C40/patch_1_colours.csv
PHerc1447-seed01,guard,patch_2.bin,67c0d675109c0ec82a92a026d77cecfb97c83589ad572e5cdb6af1cc6a8fff4f,67c0d675109c0ec82a92a026d77cecfb97c83589ad572e5cdb6af1cc6a8fff4f,yes,/data/scrollagent/runs/rev1/seed-search-1447/out/PHerc1447-seed01/C40/patch_2.bin,/data/scrollagent/runs/rev1/orphan-guard/scratch/out/guard/PHerc1447-seed01/C40/patch_2.bin
PHerc1447-seed01,guard,patch_2_colours.csv,379b40fca4aeebea443eb333ac33aa9cb7d20ab8194264f55455dc676029dcf5,379b40fca4aeebea443eb333ac33aa9cb7d20ab8194264f55455dc676029dcf5,yes,/data/scrollagent/runs/rev1/seed-search-1447/out/PHerc1447-seed01/C40/patch_2_colours.csv,/data/scrollagent/runs/rev1/orphan-guard/scratch/out/guard/PHerc1447-seed01/C40/patch_2_colours.csv
PHerc1447-seed01,guard,patch_3.bin,4ec7f8c2d9e7687c0b187a506358e9f99677b3d8193307c9756742cb136e43cb,4ec7f8c2d9e7687c0b187a506358e9f99677b3d8193307c9756742cb136e43cb,yes,/data/scrollagent/runs/rev1/seed-search-1447/out/PHerc1447-seed01/C40/patch_3.bin,/data/scrollagent/runs/rev1/orphan-guard/scratch/out/guard/PHerc1447-seed01/C40/patch_3.bin
PHerc1447-seed01,guard,patch_3_colours.csv,d9f762ad341730cf52dfb9633b99624f4a37a239c800a981013f498c29c0db79,d9f762ad341730cf52dfb9633b99624f4a37a239c800a981013f498c29c0db79,yes,/data/scrollagent/runs/rev1/seed-search-1447/out/PHerc1447-seed01/C40/patch_3_colours.csv,/data/scrollagent/runs/rev1/orphan-guard/scratch/out/guard/PHerc1447-seed01/C40/patch_3_colours.csv
PHerc1447-seed01,guard,patch_4.bin,f82bf7ab64e2e63356d53926d040dc1529fcbcc2fc23f6379ea07409144f59f5,f82bf7ab64e2e63356d53926d040dc1529fcbcc2fc23f6379ea07409144f59f5,yes,/data/scrollagent/runs/rev1/seed-search-1447/out/PHerc1447-seed01/C40/patch_4.bin,/data/scrollagent/runs/rev1/orphan-guard/scratch/out/guard/PHerc1447-seed01/C40/patch_4.bin
PHerc1447-seed01,guard,patch_4_colours.csv,24204b6db6ea777c040fcf0af1c9a177743e9dc28c1afaefd495ea06ee4fc809,24204b6db6ea777c040fcf0af1c9a177743e9dc28c1afaefd495ea06ee4fc809,yes,/data/scrollagent/runs/rev1/seed-search-1447/out/PHerc1447-seed01/C40/patch_4_colours.csv,/data/scrollagent/runs/rev1/orphan-guard/scratch/out/guard/PHerc1447-seed01/C40/patch_4_colours.csv
PHerc1447-seed01,guard,patch_5.bin,3bf5efb1553731287801ce1f29afb14a2d55127239a437198d50952376cc490d,3bf5efb1553731287801ce1f29afb14a2d55127239a437198d50952376cc490d,yes,/data/scrollagent/runs/rev1/seed-search-1447/out/PHerc1447-seed01/C40/patch_5.bin,/data/scrollagent/runs/rev1/orphan-guard/scratch/out/guard/PHerc1447-seed01/C40/patch_5.bin
PHerc1447-seed01,guard,patch_5_colours.csv,235c8733a80439aa30e61b3230c8ef318e382c12b81d6f4c0d6e4d700f8ac39c,235c8733a80439aa30e61b3230c8ef318e382c12b81d6f4c0d6e4d700f8ac39c,yes,/data/scrollagent/runs/rev1/seed-search-1447/out/PHerc1447-seed01/C40/patch_5_colours.csv,/data/scrollagent/runs/rev1/orphan-guard/scratch/out/guard/PHerc1447-seed01/C40/patch_5_colours.csv
PHerc1447-seed01,guard,patch_6.bin,d8108f646e7fad34f75640524e8b414d22742f2d2e7329527fba92e2c9b6ee74,d8108f646e7fad34f75640524e8b414d22742f2d2e7329527fba92e2c9b6ee74,yes,/data/scrollagent/runs/rev1/seed-search-1447/out/PHerc1447-seed01/C40/patch_6.bin,/data/scrollagent/runs/rev1/orphan-guard/scratch/out/guard/PHerc1447-seed01/C40/patch_6.bin
PHerc1447-seed01,guard,patch_6_colours.csv,5d2d1569654c72a54f91686e52f0097bb785e1d87c31037b36390af679e8b4d4,5d2d1569654c72a54f91686e52f0097bb785e1d87c31037b36390af679e8b4d4,yes,/data/scrollagent/runs/rev1/seed-search-1447/out/PHerc1447-seed01/C40/patch_6_colours.csv,/data/scrollagent/runs/rev1/orphan-guard/scratch/out/guard/PHerc1447-seed01/C40/patch_6_colours.csv
PHerc1447-seed01,guard,patch_7.bin,a6964c46aaf4fc27d8087fa03320bb967129e9cefea9b4a76143532b7be56ab7,a6964c46aaf4fc27d8087fa03320bb967129e9cefea9b4a76143532b7be56ab7,yes,/data/scrollagent/runs/rev1/seed-search-1447/out/PHerc1447-seed01/C40/patch_7.bin,/data/scrollagent/runs/rev1/orphan-guard/scratch/out/guard/PHerc1447-seed01/C40/patch_7.bin
PHerc1447-seed01,guard,patch_7_colours.csv,056b9367dcf3a02608b9d34ab44c45d7fd4a5f57d2306a34df7e39729ebd6160,056b9367dcf3a02608b9d34ab44c45d7fd4a5f57d2306a34df7e39729ebd6160,yes,/data/scrollagent/runs/rev1/seed-search-1447/out/PHerc1447-seed01/C40/patch_7_colours.csv,/data/scrollagent/runs/rev1/orphan-guard/scratch/out/guard/PHerc1447-seed01/C40/patch_7_colours.csv
PHerc1447-seed01,guard,patch_8.bin,d00356784760f26f35665662f1778074fe07179833e269f5b48fdc7299c50839,d00356784760f26f35665662f1778074fe07179833e269f5b48fdc7299c50839,yes,/data/scrollagent/runs/rev1/seed-search-1447/out/PHerc1447-seed01/C40/patch_8.bin,/data/scrollagent/runs/rev1/orphan-guard/scratch/out/guard/PHerc1447-seed01/C40/patch_8.bin
PHerc1447-seed01,guard,patch_8_colours.csv,5501f2ab34a9aa51b0b4ec85a19c883f1694ac49c8819c0a9b82839421dba5ff,5501f2ab34a9aa51b0b4ec85a19c883f1694ac49c8819c0a9b82839421dba5ff,yes,/data/scrollagent/runs/rev1/seed-search-1447/out/PHerc1447-seed01/C40/patch_8_colours.csv,/data/scrollagent/runs/rev1/orphan-guard/scratch/out/guard/PHerc1447-seed01/C40/patch_8_colours.csv
PHerc1447-seed01,guard,patch_9.bin,3842cc31d469c7a61948687793fa8bfcf7e3592e1c09ff3a19559dc306c1c4b5,3842cc31d469c7a61948687793fa8bfcf7e3592e1c09ff3a19559dc306c1c4b5,yes,/data/scrollagent/runs/rev1/seed-search-1447/out/PHerc1447-seed01/C40/patch_9.bin,/data/scrollagent/runs/rev1/orphan-guard/scratch/out/guard/PHerc1447-seed01/C40/patch_9.bin
PHerc1447-seed01,guard,patch_9_colours.csv,b6b1acb6d97b4a03dcaa6b8fff21865c04c8af3a245561fff6e32e4b2492dd37,b6b1acb6d97b4a03dcaa6b8fff21865c04c8af3a245561fff6e32e4b2492dd37,yes,/data/scrollagent/runs/rev1/seed-search-1447/out/PHerc1447-seed01/C40/patch_9_colours.csv,/data/scrollagent/runs/rev1/orphan-guard/scratch/out/guard/PHerc1447-seed01/C40/patch_9_colours.csv
PHerc1447-seed01,guard,patchorder.csv,137a8a2b64c564ae73b2a6a7ae70b01d0be0964afe985f0b4cee57def4ae43be,137a8a2b64c564ae73b2a6a7ae70b01d0be0964afe985f0b4cee57def4ae43be,yes,/data/scrollagent/runs/rev1/seed-search-1447/out/PHerc1447-seed01/C40/patchorder.csv,/data/scrollagent/runs/rev1/orphan-guard/scratch/out/guard/PHerc1447-seed01/C40/patchorder.csv
PHerc1447-seed01,guard,patchorders.csv,a22a3f3e72168a6e530d094ac3489ca058bcafb8031ed9ba943ba9cd063b8c13,a22a3f3e72168a6e530d094ac3489ca058bcafb8031ed9ba943ba9cd063b8c13,yes,/data/scrollagent/runs/rev1/seed-search-1447/out/PHerc1447-seed01/C40/patchorders.csv,/data/scrollagent/runs/rev1/orphan-guard/scratch/out/guard/PHerc1447-seed01/C40/patchorders.csv
PHerc1447-seed01,guard,rel.csv,e22a9a466c11036f87aa2f22fc0d0f4c6121d5cbccd598878f1f1c3a58a144bd,e22a9a466c11036f87aa2f22fc0d0f4c6121d5cbccd598878f1f1c3a58a144bd,yes,/data/scrollagent/runs/rev1/seed-search-1447/out/PHerc1447-seed01/C40/rel.csv,/data/scrollagent/runs/rev1/orphan-guard/scratch/out/guard/PHerc1447-seed01/C40/rel.csv
PHerc1447-seed15,guard,alignmentorders.txt,fb0fdb7a687128db542589c08732be16e3f31a20755fba4f57d5e46cf6f9b15d,fb0fdb7a687128db542589c08732be16e3f31a20755fba4f57d5e46cf6f9b15d,yes,/data/scrollagent/runs/rev1/seed-search-1447/out/PHerc1447-seed15/C40/alignmentorders.txt,/data/scrollagent/runs/rev1/orphan-guard/scratch/out/guard/PHerc1447-seed15/C40/alignmentorders.txt
PHerc1447-seed15,guard,badbridgess_out.csv,f13b82804cdc5b5373657360a91fdc8cff13c5a47c60331069d89f4a276a939c,f13b82804cdc5b5373657360a91fdc8cff13c5a47c60331069d89f4a276a939c,yes,/data/scrollagent/runs/rev1/seed-search-1447/out/PHerc1447-seed15/C40/badbridgess_out.csv,/data/scrollagent/runs/rev1/orphan-guard/scratch/out/guard/PHerc1447-seed15/C40/badbridgess_out.csv
PHerc1447-seed15,guard,badpatches.csv,0137002ba81b2cf659565600167937670a5efbc3594d9be91e28a9c4eb4fbe55,0137002ba81b2cf659565600167937670a5efbc3594d9be91e28a9c4eb4fbe55,yes,/data/scrollagent/runs/rev1/seed-search-1447/out/PHerc1447-seed15/C40/badpatches.csv,/data/scrollagent/runs/rev1/orphan-guard/scratch/out/guard/PHerc1447-seed15/C40/badpatches.csv
PHerc1447-seed15,guard,badpatchscores.csv,f9f23244f81cbbfb233db3d77641c5cf891bf5e5a5f33014c29d730f5ac24cd6,f9f23244f81cbbfb233db3d77641c5cf891bf5e5a5f33014c29d730f5ac24cd6,yes,/data/scrollagent/runs/rev1/seed-search-1447/out/PHerc1447-seed15/C40/badpatchscores.csv,/data/scrollagent/runs/rev1/orphan-guard/scratch/out/guard/PHerc1447-seed15/C40/badpatchscores.csv
PHerc1447-seed15,guard,neighbourss.csv,28ad0739b6be6f44ee620e30c044f02ec7542e5c2b758fe0c3088af79a0a0233,28ad0739b6be6f44ee620e30c044f02ec7542e5c2b758fe0c3088af79a0a0233,yes,/data/scrollagent/runs/rev1/seed-search-1447/out/PHerc1447-seed15/C40/neighbourss.csv,/data/scrollagent/runs/rev1/orphan-guard/scratch/out/guard/PHerc1447-seed15/C40/neighbourss.csv
PHerc1447-seed15,guard,patchPositions_0.txt,ede003860003f1281e832469c42275c26623fbe0642214415645a15db3b63142,ede003860003f1281e832469c42275c26623fbe0642214415645a15db3b63142,yes,/data/scrollagent/runs/rev1/seed-search-1447/out/PHerc1447-seed15/C40/patchPositions_0.txt,/data/scrollagent/runs/rev1/orphan-guard/scratch/out/guard/PHerc1447-seed15/C40/patchPositions_0.txt
PHerc1447-seed15,guard,patchPositions_1.txt,5a56701c39865dabb184d2fac362d11ba678fce5706e93034275b8395c10f308,5a56701c39865dabb184d2fac362d11ba678fce5706e93034275b8395c10f308,yes,/data/scrollagent/runs/rev1/seed-search-1447/out/PHerc1447-seed15/C40/patchPositions_1.txt,/data/scrollagent/runs/rev1/orphan-guard/scratch/out/guard/PHerc1447-seed15/C40/patchPositions_1.txt
PHerc1447-seed15,guard,patchPositions_2.txt,07493b990dd0d5e591baf8ab47654b2413e343bdf0a8cfa2c76d3bb89b7bf02b,07493b990dd0d5e591baf8ab47654b2413e343bdf0a8cfa2c76d3bb89b7bf02b,yes,/data/scrollagent/runs/rev1/seed-search-1447/out/PHerc1447-seed15/C40/patchPositions_2.txt,/data/scrollagent/runs/rev1/orphan-guard/scratch/out/guard/PHerc1447-seed15/C40/patchPositions_2.txt
PHerc1447-seed15,guard,patchPositions_3.txt,e30a96f9205dfa46663f3b788b91e988580d2606e4404d6bc0e9f4f6e27bdc8b,e30a96f9205dfa46663f3b788b91e988580d2606e4404d6bc0e9f4f6e27bdc8b,yes,/data/scrollagent/runs/rev1/seed-search-1447/out/PHerc1447-seed15/C40/patchPositions_3.txt,/data/scrollagent/runs/rev1/orphan-guard/scratch/out/guard/PHerc1447-seed15/C40/patchPositions_3.txt
PHerc1447-seed15,guard,patchPositions_4.txt,8d3cb59d38b5e36f9262c2c0fa5f9e8f375001cb0f9f9dca2e158a5754b51d0c,8d3cb59d38b5e36f9262c2c0fa5f9e8f375001cb0f9f9dca2e158a5754b51d0c,yes,/data/scrollagent/runs/rev1/seed-search-1447/out/PHerc1447-seed15/C40/patchPositions_4.txt,/data/scrollagent/runs/rev1/orphan-guard/scratch/out/guard/PHerc1447-seed15/C40/patchPositions_4.txt
PHerc1447-seed15,guard,patchPositions_5.txt,af918f844fc37757c13db471cedb1a709f6420868e96a82db298e2e0c79236d1,af918f844fc37757c13db471cedb1a709f6420868e96a82db298e2e0c79236d1,yes,/data/scrollagent/runs/rev1/seed-search-1447/out/PHerc1447-seed15/C40/patchPositions_5.txt,/data/scrollagent/runs/rev1/orphan-guard/scratch/out/guard/PHerc1447-seed15/C40/patchPositions_5.txt
PHerc1447-seed15,guard,patchPositions_6.txt,d6848077b9b8aa3d030febc3eaaa852b03b0ba97b337a985d46940b8b09ba53f,d6848077b9b8aa3d030febc3eaaa852b03b0ba97b337a985d46940b8b09ba53f,yes,/data/scrollagent/runs/rev1/seed-search-1447/out/PHerc1447-seed15/C40/patchPositions_6.txt,/data/scrollagent/runs/rev1/orphan-guard/scratch/out/guard/PHerc1447-seed15/C40/patchPositions_6.txt
PHerc1447-seed15,guard,patchPositions_7.txt,e968ab871b296c535fd04106bd7f1081252cabcb26720fa693b222791757330d,e968ab871b296c535fd04106bd7f1081252cabcb26720fa693b222791757330d,yes,/data/scrollagent/runs/rev1/seed-search-1447/out/PHerc1447-seed15/C40/patchPositions_7.txt,/data/scrollagent/runs/rev1/orphan-guard/scratch/out/guard/PHerc1447-seed15/C40/patchPositions_7.txt
PHerc1447-seed15,guard,patchPositions_8.txt,eea36a78beb5b7608420f414e2f3b3ec8dbcd4ea3fd17af45808b62175bc062a,eea36a78beb5b7608420f414e2f3b3ec8dbcd4ea3fd17af45808b62175bc062a,yes,/data/scrollagent/runs/rev1/seed-search-1447/out/PHerc1447-seed15/C40/patchPositions_8.txt,/data/scrollagent/runs/rev1/orphan-guard/scratch/out/guard/PHerc1447-seed15/C40/patchPositions_8.txt
PHerc1447-seed15,guard,patchPositions_9.txt,2084e9823f5ab4f9a9169f89f0f6f235a8e1be85080729fc830069c1477c3245,2084e9823f5ab4f9a9169f89f0f6f235a8e1be85080729fc830069c1477c3245,yes,/data/scrollagent/runs/rev1/seed-search-1447/out/PHerc1447-seed15/C40/patchPositions_9.txt,/data/scrollagent/runs/rev1/orphan-guard/scratch/out/guard/PHerc1447-seed15/C40/patchPositions_9.txt
PHerc1447-seed15,guard,patchVolCoords.csv,14136608da2adf483b6642f2458c319f6eb221136e6fbe9dd42ab13cc841f93a,14136608da2adf483b6642f2458c319f6eb221136e6fbe9dd42ab13cc841f93a,yes,/data/scrollagent/runs/rev1/seed-search-1447/out/PHerc1447-seed15/C40/patchVolCoords.csv,/data/scrollagent/runs/rev1/orphan-guard/scratch/out/guard/PHerc1447-seed15/C40/patchVolCoords.csv
PHerc1447-seed15,guard,patch_0.bin,6781f289c8adacee2e92978ceb8d819dc8081b27ed9c46cbfbb83bb578f0bf48,6781f289c8adacee2e92978ceb8d819dc8081b27ed9c46cbfbb83bb578f0bf48,yes,/data/scrollagent/runs/rev1/seed-search-1447/out/PHerc1447-seed15/C40/patch_0.bin,/data/scrollagent/runs/rev1/orphan-guard/scratch/out/guard/PHerc1447-seed15/C40/patch_0.bin
PHerc1447-seed15,guard,patch_0_colours.csv,c49823ac478348e508059ae63db017a538a6358dc035bec91c732718b223cedf,c49823ac478348e508059ae63db017a538a6358dc035bec91c732718b223cedf,yes,/data/scrollagent/runs/rev1/seed-search-1447/out/PHerc1447-seed15/C40/patch_0_colours.csv,/data/scrollagent/runs/rev1/orphan-guard/scratch/out/guard/PHerc1447-seed15/C40/patch_0_colours.csv
PHerc1447-seed15,guard,patch_1.bin,143ccc99daa27b5f86994d4edf27a188cb827dcaf5061a8a28b0c652d00c3298,143ccc99daa27b5f86994d4edf27a188cb827dcaf5061a8a28b0c652d00c3298,yes,/data/scrollagent/runs/rev1/seed-search-1447/out/PHerc1447-seed15/C40/patch_1.bin,/data/scrollagent/runs/rev1/orphan-guard/scratch/out/guard/PHerc1447-seed15/C40/patch_1.bin
PHerc1447-seed15,guard,patch_1_colours.csv,938fecfb99676169821836e1065c704932a7cc46abfa2b900153b8b51e201a5f,938fecfb99676169821836e1065c704932a7cc46abfa2b900153b8b51e201a5f,yes,/data/scrollagent/runs/rev1/seed-search-1447/out/PHerc1447-seed15/C40/patch_1_colours.csv,/data/scrollagent/runs/rev1/orphan-guard/scratch/out/guard/PHerc1447-seed15/C40/patch_1_colours.csv
PHerc1447-seed15,guard,patch_2.bin,9490fca053fb17de04a87ff38776a1c51e1c647ff0c313bcd11b4a223b6a3981,9490fca053fb17de04a87ff38776a1c51e1c647ff0c313bcd11b4a223b6a3981,yes,/data/scrollagent/runs/rev1/seed-search-1447/out/PHerc1447-seed15/C40/patch_2.bin,/data/scrollagent/runs/rev1/orphan-guard/scratch/out/guard/PHerc1447-seed15/C40/patch_2.bin
PHerc1447-seed15,guard,patch_2_colours.csv,ce46f4e34da45a2846a197ae85a2dae83336454a7e64a0a796a04d164aa923ae,ce46f4e34da45a2846a197ae85a2dae83336454a7e64a0a796a04d164aa923ae,yes,/data/scrollagent/runs/rev1/seed-search-1447/out/PHerc1447-seed15/C40/patch_2_colours.csv,/data/scrollagent/runs/rev1/orphan-guard/scratch/out/guard/PHerc1447-seed15/C40/patch_2_colours.csv
PHerc1447-seed15,guard,patch_3.bin,4528b03fa2a086cf6fd69087cca3ea66d140402bdb2f6d6ffd0f930143c9ffc0,4528b03fa2a086cf6fd69087cca3ea66d140402bdb2f6d6ffd0f930143c9ffc0,yes,/data/scrollagent/runs/rev1/seed-search-1447/out/PHerc1447-seed15/C40/patch_3.bin,/data/scrollagent/runs/rev1/orphan-guard/scratch/out/guard/PHerc1447-seed15/C40/patch_3.bin
PHerc1447-seed15,guard,patch_3_colours.csv,55ae0f09d95a3c5a83044757eabb1128ebd95637a32a514dc8da35e6e8b3f92d,55ae0f09d95a3c5a83044757eabb1128ebd95637a32a514dc8da35e6e8b3f92d,yes,/data/scrollagent/runs/rev1/seed-search-1447/out/PHerc1447-seed15/C40/patch_3_colours.csv,/data/scrollagent/runs/rev1/orphan-guard/scratch/out/guard/PHerc1447-seed15/C40/patch_3_colours.csv
PHerc1447-seed15,guard,patch_4.bin,9c7704f7f9113ec52473f060a214cb6b0958273eabe9fe225dfdc46a598fecf3,9c7704f7f9113ec52473f060a214cb6b0958273eabe9fe225dfdc46a598fecf3,yes,/data/scrollagent/runs/rev1/seed-search-1447/out/PHerc1447-seed15/C40/patch_4.bin,/data/scrollagent/runs/rev1/orphan-guard/scratch/out/guard/PHerc1447-seed15/C40/patch_4.bin
PHerc1447-seed15,guard,patch_4_colours.csv,9f55ee7315b663da6b55eab308cd86998467fb8da351e3794687fc91a7a4abcd,9f55ee7315b663da6b55eab308cd86998467fb8da351e3794687fc91a7a4abcd,yes,/data/scrollagent/runs/rev1/seed-search-1447/out/PHerc1447-seed15/C40/patch_4_colours.csv,/data/scrollagent/runs/rev1/orphan-guard/scratch/out/guard/PHerc1447-seed15/C40/patch_4_colours.csv
PHerc1447-seed15,guard,patch_5.bin,cfffff9be985b5cbf2840206d624488db28f148635913fb26e6e20335eefc7c9,cfffff9be985b5cbf2840206d624488db28f148635913fb26e6e20335eefc7c9,yes,/data/scrollagent/runs/rev1/seed-search-1447/out/PHerc1447-seed15/C40/patch_5.bin,/data/scrollagent/runs/rev1/orphan-guard/scratch/out/guard/PHerc1447-seed15/C40/patch_5.bin
PHerc1447-seed15,guard,patch_5_colours.csv,fd6b9bd2f55a212b3f5e989107f391538a7a9f51ea729ba2f4b23175c01e28c5,fd6b9bd2f55a212b3f5e989107f391538a7a9f51ea729ba2f4b23175c01e28c5,yes,/data/scrollagent/runs/rev1/seed-search-1447/out/PHerc1447-seed15/C40/patch_5_colours.csv,/data/scrollagent/runs/rev1/orphan-guard/scratch/out/guard/PHerc1447-seed15/C40/patch_5_colours.csv
PHerc1447-seed15,guard,patch_6.bin,5270d4e313e18e38e0546ba18c53f31f40f70da622b0498a3d13e53e5b006b77,5270d4e313e18e38e0546ba18c53f31f40f70da622b0498a3d13e53e5b006b77,yes,/data/scrollagent/runs/rev1/seed-search-1447/out/PHerc1447-seed15/C40/patch_6.bin,/data/scrollagent/runs/rev1/orphan-guard/scratch/out/guard/PHerc1447-seed15/C40/patch_6.bin
PHerc1447-seed15,guard,patch_6_colours.csv,e69cc6666cadd5fb540ed6da28bf0c2e2ddcf69e8a1313d5c36825f00df280f4,e69cc6666cadd5fb540ed6da28bf0c2e2ddcf69e8a1313d5c36825f00df280f4,yes,/data/scrollagent/runs/rev1/seed-search-1447/out/PHerc1447-seed15/C40/patch_6_colours.csv,/data/scrollagent/runs/rev1/orphan-guard/scratch/out/guard/PHerc1447-seed15/C40/patch_6_colours.csv
PHerc1447-seed15,guard,patch_7.bin,80e9528677b02566eb0492289259314266eca7615b1c4bbe2aa1c5c3466c3d74,80e9528677b02566eb0492289259314266eca7615b1c4bbe2aa1c5c3466c3d74,yes,/data/scrollagent/runs/rev1/seed-search-1447/out/PHerc1447-seed15/C40/patch_7.bin,/data/scrollagent/runs/rev1/orphan-guard/scratch/out/guard/PHerc1447-seed15/C40/patch_7.bin
PHerc1447-seed15,guard,patch_7_colours.csv,8e7010a63465eebb1fc4373fe96e5dc45b49a1e0af1147665eaa2bb965011e8f,8e7010a63465eebb1fc4373fe96e5dc45b49a1e0af1147665eaa2bb965011e8f,yes,/data/scrollagent/runs/rev1/seed-search-1447/out/PHerc1447-seed15/C40/patch_7_colours.csv,/data/scrollagent/runs/rev1/orphan-guard/scratch/out/guard/PHerc1447-seed15/C40/patch_7_colours.csv
PHerc1447-seed15,guard,patch_8.bin,18d13e5e89e0ccdd3a7319030d81620cd6ebb7746fef8fb029f7b6f0c6fb01be,18d13e5e89e0ccdd3a7319030d81620cd6ebb7746fef8fb029f7b6f0c6fb01be,yes,/data/scrollagent/runs/rev1/seed-search-1447/out/PHerc1447-seed15/C40/patch_8.bin,/data/scrollagent/runs/rev1/orphan-guard/scratch/out/guard/PHerc1447-seed15/C40/patch_8.bin
PHerc1447-seed15,guard,patch_8_colours.csv,ab40bfc3551848e0acac81db2008e5745007b3793c78f7217506ff18cd7bf7a3,ab40bfc3551848e0acac81db2008e5745007b3793c78f7217506ff18cd7bf7a3,yes,/data/scrollagent/runs/rev1/seed-search-1447/out/PHerc1447-seed15/C40/patch_8_colours.csv,/data/scrollagent/runs/rev1/orphan-guard/scratch/out/guard/PHerc1447-seed15/C40/patch_8_colours.csv
PHerc1447-seed15,guard,patch_9.bin,05d204d212cd09eb584d116b95be25080b998555e7b00793922c74dfbbeb8440,05d204d212cd09eb584d116b95be25080b998555e7b00793922c74dfbbeb8440,yes,/data/scrollagent/runs/rev1/seed-search-1447/out/PHerc1447-seed15/C40/patch_9.bin,/data/scrollagent/runs/rev1/orphan-guard/scratch/out/guard/PHerc1447-seed15/C40/patch_9.bin
PHerc1447-seed15,guard,patch_9_colours.csv,e4f02a0e6971b5164ffd99709a96dec9ccb52b2d21da6a45a82dfe19307e8269,e4f02a0e6971b5164ffd99709a96dec9ccb52b2d21da6a45a82dfe19307e8269,yes,/data/scrollagent/runs/rev1/seed-search-1447/out/PHerc1447-seed15/C40/patch_9_colours.csv,/data/scrollagent/runs/rev1/orphan-guard/scratch/out/guard/PHerc1447-seed15/C40/patch_9_colours.csv
PHerc1447-seed15,guard,patchorder.csv,bf00e80c881335f21e47fc3114b00202208017583d4b2a363b298f10c194a519,bf00e80c881335f21e47fc3114b00202208017583d4b2a363b298f10c194a519,yes,/data/scrollagent/runs/rev1/seed-search-1447/out/PHerc1447-seed15/C40/patchorder.csv,/data/scrollagent/runs/rev1/orphan-guard/scratch/out/guard/PHerc1447-seed15/C40/patchorder.csv
PHerc1447-seed15,guard,patchorders.csv,a30efddc1960e2ff1742bed53e3f1b0a392a652d4c6b7cb3d2c88f639bb12c4e,a30efddc1960e2ff1742bed53e3f1b0a392a652d4c6b7cb3d2c88f639bb12c4e,yes,/data/scrollagent/runs/rev1/seed-search-1447/out/PHerc1447-seed15/C40/patchorders.csv,/data/scrollagent/runs/rev1/orphan-guard/scratch/out/guard/PHerc1447-seed15/C40/patchorders.csv
PHerc1447-seed15,guard,rel.csv,ee697b01021c10490665135695c2efc62167bea84825ccb0a865722f0ee16a06,ee697b01021c10490665135695c2efc62167bea84825ccb0a865722f0ee16a06,yes,/data/scrollagent/runs/rev1/seed-search-1447/out/PHerc1447-seed15/C40/rel.csv,/data/scrollagent/runs/rev1/orphan-guard/scratch/out/guard/PHerc1447-seed15/C40/rel.csv
PHerc1447-seed26,guard,alignmentorders.txt,acd6eb75c06bba939a2786cf006eac65144ec3a790dbfef4ebf8cdad4dc53763,acd6eb75c06bba939a2786cf006eac65144ec3a790dbfef4ebf8cdad4dc53763,yes,/data/scrollagent/runs/rev1/seed-search-1447/out/PHerc1447-seed26/C40/alignmentorders.txt,/data/scrollagent/runs/rev1/orphan-guard/scratch/out/guard/PHerc1447-seed26/C40/alignmentorders.txt
PHerc1447-seed26,guard,badbridgess_out.csv,32f2411a9b37894c9827668222d13471b21b3e6f6e5efc0e315aa356a47b253a,32f2411a9b37894c9827668222d13471b21b3e6f6e5efc0e315aa356a47b253a,yes,/data/scrollagent/runs/rev1/seed-search-1447/out/PHerc1447-seed26/C40/badbridgess_out.csv,/data/scrollagent/runs/rev1/orphan-guard/scratch/out/guard/PHerc1447-seed26/C40/badbridgess_out.csv
PHerc1447-seed26,guard,badpatches.csv,727973f89d6b932091924cc2718fe421886184d160f3a80380cc090e3a35a0eb,727973f89d6b932091924cc2718fe421886184d160f3a80380cc090e3a35a0eb,yes,/data/scrollagent/runs/rev1/seed-search-1447/out/PHerc1447-seed26/C40/badpatches.csv,/data/scrollagent/runs/rev1/orphan-guard/scratch/out/guard/PHerc1447-seed26/C40/badpatches.csv
PHerc1447-seed26,guard,badpatchscores.csv,61db6a29dd0dab839689ce7e7f022cdfd3295c6a1dfbe0c6499fa2e3d2975e45,61db6a29dd0dab839689ce7e7f022cdfd3295c6a1dfbe0c6499fa2e3d2975e45,yes,/data/scrollagent/runs/rev1/seed-search-1447/out/PHerc1447-seed26/C40/badpatchscores.csv,/data/scrollagent/runs/rev1/orphan-guard/scratch/out/guard/PHerc1447-seed26/C40/badpatchscores.csv
PHerc1447-seed26,guard,neighbourss.csv,cac50e87a13c4641131a215028dcb80c796ad59d2f939dcdd267b8d509d0bc7e,cac50e87a13c4641131a215028dcb80c796ad59d2f939dcdd267b8d509d0bc7e,yes,/data/scrollagent/runs/rev1/seed-search-1447/out/PHerc1447-seed26/C40/neighbourss.csv,/data/scrollagent/runs/rev1/orphan-guard/scratch/out/guard/PHerc1447-seed26/C40/neighbourss.csv
PHerc1447-seed26,guard,patchPositions_0.txt,3c645f73cab23f81422ae1c41941a9053afa1796594303e264f8e59bb1ad530c,3c645f73cab23f81422ae1c41941a9053afa1796594303e264f8e59bb1ad530c,yes,/data/scrollagent/runs/rev1/seed-search-1447/out/PHerc1447-seed26/C40/patchPositions_0.txt,/data/scrollagent/runs/rev1/orphan-guard/scratch/out/guard/PHerc1447-seed26/C40/patchPositions_0.txt
PHerc1447-seed26,guard,patchPositions_1.txt,a9fc26f0dc66a2d4ba714e035427c8c327387a3f00acb1a7d3af4c70c2e0da56,a9fc26f0dc66a2d4ba714e035427c8c327387a3f00acb1a7d3af4c70c2e0da56,yes,/data/scrollagent/runs/rev1/seed-search-1447/out/PHerc1447-seed26/C40/patchPositions_1.txt,/data/scrollagent/runs/rev1/orphan-guard/scratch/out/guard/PHerc1447-seed26/C40/patchPositions_1.txt
PHerc1447-seed26,guard,patchPositions_2.txt,8f8d1a1d5909db4a9b6a12dd4e225f081d54ae2de3c2c82c8e9f288f3dfd8d70,8f8d1a1d5909db4a9b6a12dd4e225f081d54ae2de3c2c82c8e9f288f3dfd8d70,yes,/data/scrollagent/runs/rev1/seed-search-1447/out/PHerc1447-seed26/C40/patchPositions_2.txt,/data/scrollagent/runs/rev1/orphan-guard/scratch/out/guard/PHerc1447-seed26/C40/patchPositions_2.txt
PHerc1447-seed26,guard,patchPositions_3.txt,35aa1b89d9df96337a4130eff64a2a19e622686f4aaa4fc2ffb01c7b48684dff,35aa1b89d9df96337a4130eff64a2a19e622686f4aaa4fc2ffb01c7b48684dff,yes,/data/scrollagent/runs/rev1/seed-search-1447/out/PHerc1447-seed26/C40/patchPositions_3.txt,/data/scrollagent/runs/rev1/orphan-guard/scratch/out/guard/PHerc1447-seed26/C40/patchPositions_3.txt
PHerc1447-seed26,guard,patchPositions_4.txt,c39c872d9d893700103b99b9bc4428959fdad5c8af0e40dbf5f11b5eea011f6f,c39c872d9d893700103b99b9bc4428959fdad5c8af0e40dbf5f11b5eea011f6f,yes,/data/scrollagent/runs/rev1/seed-search-1447/out/PHerc1447-seed26/C40/patchPositions_4.txt,/data/scrollagent/runs/rev1/orphan-guard/scratch/out/guard/PHerc1447-seed26/C40/patchPositions_4.txt
PHerc1447-seed26,guard,patchPositions_5.txt,f45e86f1da16870153d7d867802f1ad1bfd8858e6596a85e1eaf7058dc50a06f,f45e86f1da16870153d7d867802f1ad1bfd8858e6596a85e1eaf7058dc50a06f,yes,/data/scrollagent/runs/rev1/seed-search-1447/out/PHerc1447-seed26/C40/patchPositions_5.txt,/data/scrollagent/runs/rev1/orphan-guard/scratch/out/guard/PHerc1447-seed26/C40/patchPositions_5.txt
PHerc1447-seed26,guard,patchPositions_6.txt,2c1f04371f4b4b7a10e68f6abee7a575bd973a2fdc5ae6f2580e85b65652a9b5,2c1f04371f4b4b7a10e68f6abee7a575bd973a2fdc5ae6f2580e85b65652a9b5,yes,/data/scrollagent/runs/rev1/seed-search-1447/out/PHerc1447-seed26/C40/patchPositions_6.txt,/data/scrollagent/runs/rev1/orphan-guard/scratch/out/guard/PHerc1447-seed26/C40/patchPositions_6.txt
PHerc1447-seed26,guard,patchPositions_7.txt,353e0e1df6522a893efee3311f29089f10ac01fc0afe17c2576c8ab92f3d4ba9,353e0e1df6522a893efee3311f29089f10ac01fc0afe17c2576c8ab92f3d4ba9,yes,/data/scrollagent/runs/rev1/seed-search-1447/out/PHerc1447-seed26/C40/patchPositions_7.txt,/data/scrollagent/runs/rev1/orphan-guard/scratch/out/guard/PHerc1447-seed26/C40/patchPositions_7.txt
PHerc1447-seed26,guard,patchPositions_8.txt,428be92f8b7cd3c9d83fba290755ad33411239f85a1f86dc723199cb05589179,428be92f8b7cd3c9d83fba290755ad33411239f85a1f86dc723199cb05589179,yes,/data/scrollagent/runs/rev1/seed-search-1447/out/PHerc1447-seed26/C40/patchPositions_8.txt,/data/scrollagent/runs/rev1/orphan-guard/scratch/out/guard/PHerc1447-seed26/C40/patchPositions_8.txt
PHerc1447-seed26,guard,patchPositions_9.txt,c8b58b238494deab7ffcb41215c0769b8f45fdd89dbf251f645acc6a9360ae52,c8b58b238494deab7ffcb41215c0769b8f45fdd89dbf251f645acc6a9360ae52,yes,/data/scrollagent/runs/rev1/seed-search-1447/out/PHerc1447-seed26/C40/patchPositions_9.txt,/data/scrollagent/runs/rev1/orphan-guard/scratch/out/guard/PHerc1447-seed26/C40/patchPositions_9.txt
PHerc1447-seed26,guard,patchVolCoords.csv,56fb4d98d2325c8f40f8544e226c59fd8fe6848782386bee256c516e9b111a70,56fb4d98d2325c8f40f8544e226c59fd8fe6848782386bee256c516e9b111a70,yes,/data/scrollagent/runs/rev1/seed-search-1447/out/PHerc1447-seed26/C40/patchVolCoords.csv,/data/scrollagent/runs/rev1/orphan-guard/scratch/out/guard/PHerc1447-seed26/C40/patchVolCoords.csv
PHerc1447-seed26,guard,patch_0.bin,af7f20ca2b3a59f1c65e807066b08fa97562c8447c5addc9b97863e13426b8d3,af7f20ca2b3a59f1c65e807066b08fa97562c8447c5addc9b97863e13426b8d3,yes,/data/scrollagent/runs/rev1/seed-search-1447/out/PHerc1447-seed26/C40/patch_0.bin,/data/scrollagent/runs/rev1/orphan-guard/scratch/out/guard/PHerc1447-seed26/C40/patch_0.bin
PHerc1447-seed26,guard,patch_0_colours.csv,bc9ee50fc45bd632988eae7e6e4969b4b69560f233923de0b9f830ce7cf5310c,bc9ee50fc45bd632988eae7e6e4969b4b69560f233923de0b9f830ce7cf5310c,yes,/data/scrollagent/runs/rev1/seed-search-1447/out/PHerc1447-seed26/C40/patch_0_colours.csv,/data/scrollagent/runs/rev1/orphan-guard/scratch/out/guard/PHerc1447-seed26/C40/patch_0_colours.csv
PHerc1447-seed26,guard,patch_1.bin,242d6fbd34ad19f5ce098d52d6fbaac33b76afd1a6a2bcae1dcaa9f990fca619,242d6fbd34ad19f5ce098d52d6fbaac33b76afd1a6a2bcae1dcaa9f990fca619,yes,/data/scrollagent/runs/rev1/seed-search-1447/out/PHerc1447-seed26/C40/patch_1.bin,/data/scrollagent/runs/rev1/orphan-guard/scratch/out/guard/PHerc1447-seed26/C40/patch_1.bin
PHerc1447-seed26,guard,patch_1_colours.csv,88a521c52a3b859a715496feda14d7c839f075826305a8eff7aa98465ef21c03,88a521c52a3b859a715496feda14d7c839f075826305a8eff7aa98465ef21c03,yes,/data/scrollagent/runs/rev1/seed-search-1447/out/PHerc1447-seed26/C40/patch_1_colours.csv,/data/scrollagent/runs/rev1/orphan-guard/scratch/out/guard/PHerc1447-seed26/C40/patch_1_colours.csv
PHerc1447-seed26,guard,patch_2.bin,b6066c8bbad8576054482c1e34c710e44809d3ee6a987e929337d566c9d2f1f9,b6066c8bbad8576054482c1e34c710e44809d3ee6a987e929337d566c9d2f1f9,yes,/data/scrollagent/runs/rev1/seed-search-1447/out/PHerc1447-seed26/C40/patch_2.bin,/data/scrollagent/runs/rev1/orphan-guard/scratch/out/guard/PHerc1447-seed26/C40/patch_2.bin
PHerc1447-seed26,guard,patch_2_colours.csv,b1b051c7a1997db8088d8fcdc3aef843bd1b07c92f66329a33368bfe06c2e7cb,b1b051c7a1997db8088d8fcdc3aef843bd1b07c92f66329a33368bfe06c2e7cb,yes,/data/scrollagent/runs/rev1/seed-search-1447/out/PHerc1447-seed26/C40/patch_2_colours.csv,/data/scrollagent/runs/rev1/orphan-guard/scratch/out/guard/PHerc1447-seed26/C40/patch_2_colours.csv
PHerc1447-seed26,guard,patch_3.bin,a87dce54805c0f0e9dcc6e1759db7cd22e07b406571c6cc002ca45fe99886ed1,a87dce54805c0f0e9dcc6e1759db7cd22e07b406571c6cc002ca45fe99886ed1,yes,/data/scrollagent/runs/rev1/seed-search-1447/out/PHerc1447-seed26/C40/patch_3.bin,/data/scrollagent/runs/rev1/orphan-guard/scratch/out/guard/PHerc1447-seed26/C40/patch_3.bin
PHerc1447-seed26,guard,patch_3_colours.csv,c4b27bfc717ce53b09ed0fc0422cbbe94fe2b5bc0b50e040e674f9add06e22d4,c4b27bfc717ce53b09ed0fc0422cbbe94fe2b5bc0b50e040e674f9add06e22d4,yes,/data/scrollagent/runs/rev1/seed-search-1447/out/PHerc1447-seed26/C40/patch_3_colours.csv,/data/scrollagent/runs/rev1/orphan-guard/scratch/out/guard/PHerc1447-seed26/C40/patch_3_colours.csv
PHerc1447-seed26,guard,patch_4.bin,b266e7bc85fc724e5a0747c3eff67614c8ffac0fadee0914527e7a0abaf8d02a,b266e7bc85fc724e5a0747c3eff67614c8ffac0fadee0914527e7a0abaf8d02a,yes,/data/scrollagent/runs/rev1/seed-search-1447/out/PHerc1447-seed26/C40/patch_4.bin,/data/scrollagent/runs/rev1/orphan-guard/scratch/out/guard/PHerc1447-seed26/C40/patch_4.bin
PHerc1447-seed26,guard,patch_4_colours.csv,4bbf38659b04c5bf3c2854877497928b868e86fe1b4005a7a208b1003c92a176,4bbf38659b04c5bf3c2854877497928b868e86fe1b4005a7a208b1003c92a176,yes,/data/scrollagent/runs/rev1/seed-search-1447/out/PHerc1447-seed26/C40/patch_4_colours.csv,/data/scrollagent/runs/rev1/orphan-guard/scratch/out/guard/PHerc1447-seed26/C40/patch_4_colours.csv
PHerc1447-seed26,guard,patch_5.bin,e2702519fae969d1e2c4ea4716aeec9ca4cfa6895bb2ad3af8a306316a733369,e2702519fae969d1e2c4ea4716aeec9ca4cfa6895bb2ad3af8a306316a733369,yes,/data/scrollagent/runs/rev1/seed-search-1447/out/PHerc1447-seed26/C40/patch_5.bin,/data/scrollagent/runs/rev1/orphan-guard/scratch/out/guard/PHerc1447-seed26/C40/patch_5.bin
PHerc1447-seed26,guard,patch_5_colours.csv,329725977aad776ae29c68b56e3fedd0fdb3fb936b9447e15dbf4f78fd2be654,329725977aad776ae29c68b56e3fedd0fdb3fb936b9447e15dbf4f78fd2be654,yes,/data/scrollagent/runs/rev1/seed-search-1447/out/PHerc1447-seed26/C40/patch_5_colours.csv,/data/scrollagent/runs/rev1/orphan-guard/scratch/out/guard/PHerc1447-seed26/C40/patch_5_colours.csv
PHerc1447-seed26,guard,patch_6.bin,4697adc928435592841181edb493063cbc79267eec21533dd44450625a4e7ddd,4697adc928435592841181edb493063cbc79267eec21533dd44450625a4e7ddd,yes,/data/scrollagent/runs/rev1/seed-search-1447/out/PHerc1447-seed26/C40/patch_6.bin,/data/scrollagent/runs/rev1/orphan-guard/scratch/out/guard/PHerc1447-seed26/C40/patch_6.bin
PHerc1447-seed26,guard,patch_6_colours.csv,77a472bfc4b4d3017600fd226ecbd5525b7a180730dce645eb6ab2f060e28da9,77a472bfc4b4d3017600fd226ecbd5525b7a180730dce645eb6ab2f060e28da9,yes,/data/scrollagent/runs/rev1/seed-search-1447/out/PHerc1447-seed26/C40/patch_6_colours.csv,/data/scrollagent/runs/rev1/orphan-guard/scratch/out/guard/PHerc1447-seed26/C40/patch_6_colours.csv
PHerc1447-seed26,guard,patch_7.bin,c60b0aa6258a3c432ce5cd6cd88fa7b6172b80b79461ed480c7dac0f0697bbe5,c60b0aa6258a3c432ce5cd6cd88fa7b6172b80b79461ed480c7dac0f0697bbe5,yes,/data/scrollagent/runs/rev1/seed-search-1447/out/PHerc1447-seed26/C40/patch_7.bin,/data/scrollagent/runs/rev1/orphan-guard/scratch/out/guard/PHerc1447-seed26/C40/patch_7.bin
PHerc1447-seed26,guard,patch_7_colours.csv,82b3cf1cabcb0fcfa35cc2a7bffdc136156cf1f8bc7b83192064ae2ace699958,82b3cf1cabcb0fcfa35cc2a7bffdc136156cf1f8bc7b83192064ae2ace699958,yes,/data/scrollagent/runs/rev1/seed-search-1447/out/PHerc1447-seed26/C40/patch_7_colours.csv,/data/scrollagent/runs/rev1/orphan-guard/scratch/out/guard/PHerc1447-seed26/C40/patch_7_colours.csv
PHerc1447-seed26,guard,patch_8.bin,452b8757ffeb078677033c1ca17e0346913d80354f4fbcac0f0f8b50ad7533df,452b8757ffeb078677033c1ca17e0346913d80354f4fbcac0f0f8b50ad7533df,yes,/data/scrollagent/runs/rev1/seed-search-1447/out/PHerc1447-seed26/C40/patch_8.bin,/data/scrollagent/runs/rev1/orphan-guard/scratch/out/guard/PHerc1447-seed26/C40/patch_8.bin
PHerc1447-seed26,guard,patch_8_colours.csv,a358b5fd6314173c7c679cbc47b5f0c9015711dfab30b62a301ce2fdbdde8fd3,a358b5fd6314173c7c679cbc47b5f0c9015711dfab30b62a301ce2fdbdde8fd3,yes,/data/scrollagent/runs/rev1/seed-search-1447/out/PHerc1447-seed26/C40/patch_8_colours.csv,/data/scrollagent/runs/rev1/orphan-guard/scratch/out/guard/PHerc1447-seed26/C40/patch_8_colours.csv
PHerc1447-seed26,guard,patch_9.bin,7c3edb3df7a0b2ed32769905538a1049ac09dca42ea78ad65389534a8088378d,7c3edb3df7a0b2ed32769905538a1049ac09dca42ea78ad65389534a8088378d,yes,/data/scrollagent/runs/rev1/seed-search-1447/out/PHerc1447-seed26/C40/patch_9.bin,/data/scrollagent/runs/rev1/orphan-guard/scratch/out/guard/PHerc1447-seed26/C40/patch_9.bin
PHerc1447-seed26,guard,patch_9_colours.csv,262dc6d03d5c725403c830581db9e9d1d1fdee305ec10f409338a320a6e0a8f5,262dc6d03d5c725403c830581db9e9d1d1fdee305ec10f409338a320a6e0a8f5,yes,/data/scrollagent/runs/rev1/seed-search-1447/out/PHerc1447-seed26/C40/patch_9_colours.csv,/data/scrollagent/runs/rev1/orphan-guard/scratch/out/guard/PHerc1447-seed26/C40/patch_9_colours.csv
PHerc1447-seed26,guard,patchorder.csv,b7b0faa9701a7cb1d0853553ce91458567e32b025774bec9ccfcd60ae5be1f15,b7b0faa9701a7cb1d0853553ce91458567e32b025774bec9ccfcd60ae5be1f15,yes,/data/scrollagent/runs/rev1/seed-search-1447/out/PHerc1447-seed26/C40/patchorder.csv,/data/scrollagent/runs/rev1/orphan-guard/scratch/out/guard/PHerc1447-seed26/C40/patchorder.csv
PHerc1447-seed26,guard,patchorders.csv,26ce31c94f98c3e6823fbd53905c6e5c1224882d0c6df9445009bde9a04b47b9,26ce31c94f98c3e6823fbd53905c6e5c1224882d0c6df9445009bde9a04b47b9,yes,/data/scrollagent/runs/rev1/seed-search-1447/out/PHerc1447-seed26/C40/patchorders.csv,/data/scrollagent/runs/rev1/orphan-guard/scratch/out/guard/PHerc1447-seed26/C40/patchorders.csv
PHerc1447-seed26,guard,rel.csv,2b90bd61e3f0c2cc12ee7bb970bd65806860afd003069f64b8ec88605962aacc,2b90bd61e3f0c2cc12ee7bb970bd65806860afd003069f64b8ec88605962aacc,yes,/data/scrollagent/runs/rev1/seed-search-1447/out/PHerc1447-seed26/C40/rel.csv,/data/scrollagent/runs/rev1/orphan-guard/scratch/out/guard/PHerc1447-seed26/C40/rel.csv
