"# written by src/tools/checks_summary.py from the copies of best-windows-0826 in src/evidence/studies and derived/fibre-summary.csv; rows_covered says which rows a value is over; the straightened section reading is this tool's rule (docstring), arithmetic, not a measured null"
quantity,value,source_file,source_column,rows_covered,check,check_value
windows_side_mm,20,best-windows-0826/windows.csv,header line,header,,
windows_covered_bar,0.95,best-windows-0826/windows.csv,header line,header,,
windows_flagged_bar,0.01,best-windows-0826/windows.csv,header line,header,,
windows_fibre_bar,0.0680,best-windows-0826/windows.csv,header line,header,equals the fibre bar of the certified pieces (fibre-summary.csv fibre_bar),yes
windows_tile_cells,128,best-windows-0826/windows.csv,header line,header,,
windows_area_cm2,4,best-windows-0826/windows.csv,"header line: side squared, mm2 to cm2",header,,
windows_mm_min,20.0004,best-windows-0826/windows.csv,"window_mm_i, window_mm_j, min",every row (61),every window at least the declared side,yes
windows_sheets_searched,61,best-windows-0826/windows.csv,rows,every row,equals the certified pieces that pass the fibre bar (fibre-summary.csv fibre_pieces_passing),yes
windows_seeds_searched,43,best-windows-0826/windows.csv,distinct seed,every row,,
windows_with_candidate,20,best-windows-0826/windows.csv,status != no candidate,every row,,
windows_no_candidate,41,best-windows-0826/windows.csv,status = no candidate,every row,,
windows_clean,14,best-windows-0826/windows.csv,status = clean window,every row,every clean row meets the three bars of the header and its summed area check,yes
windows_clean_sheets,9,best-windows-0826/windows.csv,"distinct (seed, sheet) of the clean rows",the clean rows (14),,
windows_sheets_distinct,47,best-windows-0826/windows.csv,"distinct (seed, sheet)",every row (61),,
windows_candidate_sheets,14,best-windows-0826/windows.csv,"distinct (seed, sheet) of rows with a candidate",status != no candidate,,
windows_candidate_sheets_not_clean,5,best-windows-0826/windows.csv,"distinct (seed, sheet) with a candidate and no clean window on either run",status != no candidate,,
windows_clean_seeds,8,best-windows-0826/windows.csv,distinct seed of the clean rows,the clean rows (14),,
windows_clean_sources,2,best-windows-0826/windows.csv,distinct source of the clean rows,the clean rows (14),,
windows_no_clean,6,best-windows-0826/windows.csv,status = no clean window,every row,"every attempt of those rows failed on too few whole tiles, none on a score under the bar (attempts.csv status)",yes
windows_best_covered,0.956311,best-windows-0826/windows.csv,covered_share,rank = 1 (C40-PHerc0826-seed5364-S1),,
windows_best_hole,0.043689,best-windows-0826/windows.csv,hole_share,rank = 1 (C40-PHerc0826-seed5364-S1),,
windows_best_flagged,0.000000,best-windows-0826/windows.csv,flagged_share,rank = 1 (C40-PHerc0826-seed5364-S1),,
windows_best_fibre,0.0843,best-windows-0826/windows.csv,window_fibre,rank = 1 (C40-PHerc0826-seed5364-S1),,
windows_best_tiles,13,best-windows-0826/windows.csv,tiles_accepted,rank = 1 (C40-PHerc0826-seed5364-S1),,
windows_best_sheet,1,best-windows-0826/windows.csv,sheet,rank = 1 (C40-PHerc0826-seed5364-S1),,
windows_best_source,C40,best-windows-0826/windows.csv,source,rank = 1 (C40-PHerc0826-seed5364-S1),,
windows_best_seed,5364,best-windows-0826/windows.csv,seed,rank = 1 (C40-PHerc0826-seed5364-S1),,
windows_best3_seeds,"5364, 6473, 6731",best-windows-0826/windows.csv,"seed of the rows with best3 set, in its order",best3 rows (3),three different seeds,yes
windows_best3_flagged_max,0.001712,best-windows-0826/windows.csv,"flagged_share, max",best3 rows,,
windows_best3_covered_min,0.956311,best-windows-0826/windows.csv,"covered_share, min",best3 rows,,
windows_clean_tiles_min,10,best-windows-0826/windows.csv,"tiles_accepted, min",the clean rows,,
windows_clean_tiles_max,27,best-windows-0826/windows.csv,"tiles_accepted, max",the clean rows,,
windows_tiles_per_window,64,best-windows-0826/windows.csv,"tiles, max",the clean rows,,
windows_selftests_passing,3,best-windows-0826/selftest.csv,passes = yes,every row (3),every self test passes,yes
windows_best3_angle_min_deg,14.4,best-windows-0826/angles.csv,"min(angle_i_to_z_median, angle_j_to_z_median), min",the best3 tags (bw1 bw3 bw4),,
windows_best3_angle_max_deg,30.8,best-windows-0826/angles.csv,"min(angle_i_to_z_median, angle_j_to_z_median), max",the best3 tags,,
windows_aligned_tool,align.py,best-windows-0826/aligned.csv,comment line: written by,header,the resampling is best-windows-0826's own align.py,yes
windows_aligned_spacing_min_vox,3.9822,best-windows-0826/aligned.csv,"median_row_step_vox, min",best3 tags,,
straight_peak_window_vox,15,best-windows-0826/straight.csv,peak_window_vox,every row,,
straight_near_vox,3,best-windows-0826/straight.csv,the column name share_within_N_vox,header,,
straight_random_median_vox,8,this tool,median |t| over the 31 integer offsets -15 to 15,"arithmetic, not a measured null",,
straight_random_share,0.2258,this tool,share of |t| <= 3 over the same offsets,"arithmetic, not a measured null",,
straight_bw1_i_median_vox,5,best-windows-0826/straight.csv,peak_offset_median_vox,"tag = bw1, line = i",,
straight_bw1_i_share,0.3851,best-windows-0826/straight.csv,share_within_3_vox,"tag = bw1, line = i",,
straight_bw1_j_median_vox,6,best-windows-0826/straight.csv,peak_offset_median_vox,"tag = bw1, line = j",,
straight_bw1_j_share,0.3701,best-windows-0826/straight.csv,share_within_3_vox,"tag = bw1, line = j",,
straight_bw1_separates,yes,this tool,both lines: median below the random median and share above the random share,tag = bw1,,
straight_bw3_i_median_vox,8,best-windows-0826/straight.csv,peak_offset_median_vox,"tag = bw3, line = i",,
straight_bw3_i_share,0.2355,best-windows-0826/straight.csv,share_within_3_vox,"tag = bw3, line = i",,
straight_bw3_j_median_vox,10,best-windows-0826/straight.csv,peak_offset_median_vox,"tag = bw3, line = j",,
straight_bw3_j_share,0.1570,best-windows-0826/straight.csv,share_within_3_vox,"tag = bw3, line = j",,
straight_bw3_separates,no,this tool,both lines: median below the random median and share above the random share,tag = bw3,,
straight_bw4_i_median_vox,10,best-windows-0826/straight.csv,peak_offset_median_vox,"tag = bw4, line = i",,
straight_bw4_i_share,0.1757,best-windows-0826/straight.csv,share_within_3_vox,"tag = bw4, line = i",,
straight_bw4_j_median_vox,9,best-windows-0826/straight.csv,peak_offset_median_vox,"tag = bw4, line = j",,
straight_bw4_j_share,0.1103,best-windows-0826/straight.csv,share_within_3_vox,"tag = bw4, line = j",,
straight_bw4_separates,no,this tool,both lines: median below the random median and share above the random share,tag = bw4,,
straight_cert5364_i_median_vox,8,best-windows-0826/straight.csv,peak_offset_median_vox,"tag = cert5364, line = i",,
straight_cert5364_i_share,0.1873,best-windows-0826/straight.csv,share_within_3_vox,"tag = cert5364, line = i",,
straight_cert5364_j_median_vox,9,best-windows-0826/straight.csv,peak_offset_median_vox,"tag = cert5364, line = j",,
straight_cert5364_j_share,0.1290,best-windows-0826/straight.csv,share_within_3_vox,"tag = cert5364, line = j",,
straight_cert5364_separates,no,this tool,both lines: median below the random median and share above the random share,tag = cert5364,,
straight_best3_separating,1,this tool,best3 tags that separate,bw1 bw3 bw4,,
straight_separating_median_min_vox,5,best-windows-0826/straight.csv,"peak_offset_median_vox, min over the separating tags",bw1,,
straight_separating_median_max_vox,6,best-windows-0826/straight.csv,"peak_offset_median_vox, max over the separating tags",bw1,,
straight_other_median_min_vox,8,best-windows-0826/straight.csv,"peak_offset_median_vox, min over the other tags",bw3 bw4 cert5364,,
straight_other_median_max_vox,10,best-windows-0826/straight.csv,"peak_offset_median_vox, max over the other tags",bw3 bw4 cert5364,,
straight_separating_seed,5364,best-windows-0826/windows.csv,seed of the separating best3 rows,bw1,,
pc_verdict_rows,4,positive-control-0139/verdict.csv,rows,every row,,
pc_a_ours_ba,0.6960,positive-control-0139/verdict.csv,ours_best_ba,last lattice row of ours-A-S0 (time 2026-09-29T09:04:08Z),,
pc_a_theirs_ba,0.7255,positive-control-0139/verdict.csv,theirs_best_ba,last lattice row of ours-A-S0 (time 2026-09-29T09:04:08Z),,
pc_a_common,97493,positive-control-0139/verdict.csv,ours_best_row: n_common,last lattice row of ours-A-S0 (time 2026-09-29T09:04:08Z),,
pc_a_ours_reads,32,positive-control-0139/null-best.csv,sheet_rows,last both copies row of ours-A-S0 (time 2026-09-29T10:13:37Z),,
pc_a_null_best,0.6680,positive-control-0139/null-best.csv,null_best_ba,last both copies row of ours-A-S0 (time 2026-09-29T10:13:37Z),,
pc_a_null_reads,64,positive-control-0139/null-best.csv,null_rows,last both copies row of ours-A-S0 (time 2026-09-29T10:13:37Z),,
pc_a_beyond_null,yes,positive-control-0139/null-best.csv,sheet_beyond_null,last both copies row of ours-A-S0 (time 2026-09-29T10:13:37Z),the sheet best is that of verdict.csv,yes
pc_b_ours_ba,0.7436,positive-control-0139/verdict.csv,ours_best_ba,last lattice row of ours-Bx-S0 (time 2026-09-29T09:55:13Z),,
pc_b_theirs_ba,0.8245,positive-control-0139/verdict.csv,theirs_best_ba,last lattice row of ours-Bx-S0 (time 2026-09-29T09:55:13Z),,
pc_b_common,99783,positive-control-0139/verdict.csv,ours_best_row: n_common,last lattice row of ours-Bx-S0 (time 2026-09-29T09:55:13Z),,
pc_b_ours_reads,32,positive-control-0139/null-best.csv,sheet_rows,last both copies row of ours-Bx-S0 (time 2026-09-29T11:04:30Z),,
pc_b_null_best,0.6948,positive-control-0139/null-best.csv,null_best_ba,last both copies row of ours-Bx-S0 (time 2026-09-29T11:04:30Z),,
pc_b_null_reads,64,positive-control-0139/null-best.csv,null_rows,last both copies row of ours-Bx-S0 (time 2026-09-29T11:04:30Z),,
pc_b_beyond_null,yes,positive-control-0139/null-best.csv,sheet_beyond_null,last both copies row of ours-Bx-S0 (time 2026-09-29T11:04:30Z),the sheet best is that of verdict.csv,yes
pc_bar_ink,0.70,positive-control-0139/verdict.csv,branch: the bar in words,every row,,
pc_branch,ours reaches 0.70: the best orientation of ours is the one to use on 0826,positive-control-0139/verdict.csv,branch,last lattice row (time 2026-09-29T09:55:13Z),,
pc_labelfree_rows,16,positive-control-0139/labelfree-w016.csv,rows other than VERDICT,every row,,
pc_labelfree_yes,0,positive-control-0139/labelfree-w016.csv,signal = yes,rows other than VERDICT,every row says yes or no,yes
pc_labelfree_square_mm,20,positive-control-0139/labelfree-w016.csv,"square_mm, rounded",every row,every square within half a millimetre of it,yes
pc_ink_0826_reading,not measurable at our sensitivity,this tool,director 2026-09-29T12:52:52Z: the label free statistic says no on every known ink row while our sheets read the labels beyond their nulls,"labelfree-w016.csv, null-best.csv",,
pc_region_cm2,0.1581,positive-control-0139/control.csv,caveat: the clean region in cm2,every row,one value on every row,yes
pc_match_vox,4,positive-control-0139/verdict.csv,header: at k = N,header,,
r2c_one_seed,6273,render-routes-0826/square-checks.csv,surface,"route R2cnative, surface PHerc0826-seed6273-squarecentre (time 2026-09-29T14:27:28Z)",,
r2c_one_square_mm,29.8961,render-routes-0826/square-checks.csv,square_mm,"route R2cnative, surface PHerc0826-seed6273-squarecentre (time 2026-09-29T14:27:28Z)",,
r2c_one_strict_mm,27.6773,render-routes-0826/square-checks.csv,strict_square_mm,"route R2cnative, surface PHerc0826-seed6273-squarecentre (time 2026-09-29T14:27:28Z)",,
r2c_one_pairwise_mm,32.8292,render-routes-0826/square-checks.csv,pairwise_square_mm,"route R2cnative, surface PHerc0826-seed6273-squarecentre (time 2026-09-29T14:27:28Z)",,
r2c_one_sec_i_share,0.4553,render-routes-0826/square-checks.csv,section_i_share_within_3_vox,"route R2cnative, surface PHerc0826-seed6273-squarecentre (time 2026-09-29T14:27:28Z)",,
r2c_one_sec_j_share,0.2692,render-routes-0826/square-checks.csv,section_j_share_within_3_vox,"route R2cnative, surface PHerc0826-seed6273-squarecentre (time 2026-09-29T14:27:28Z)",,
r2c_one_on_ours_share,0.7003,render-routes-0826/square-checks.csv,within3_share_all_cells,"route R2cnative, surface PHerc0826-seed6273-squarecentre (time 2026-09-29T14:27:28Z)",,
r2c_one_sec_i_median,4,render-routes-0826/square-checks.csv,section_i_peak_offset_median_vox,"route R2cnative, surface PHerc0826-seed6273-squarecentre (time 2026-09-29T14:27:28Z)",,
r2c_one_sec_j_median,8,render-routes-0826/square-checks.csv,section_j_peak_offset_median_vox,"route R2cnative, surface PHerc0826-seed6273-squarecentre (time 2026-09-29T14:27:28Z)",,
r2c_one_our_sheet,seed1045-S0,render-routes-0826/square-checks.csv,within3_best_sheet,"route R2cnative, surface PHerc0826-seed6273-squarecentre (time 2026-09-29T14:27:28Z)",,
r2c_one_flags,0,render-routes-0826/square-checks.csv,in_square_v2 + self_conflict_a + self_conflict_b + a2_rule + holes,"route R2cnative, surface PHerc0826-seed6273-squarecentre (time 2026-09-29T14:27:28Z)",the certified square carries no flag,yes
r2c_one_fibre,0.1104,render-routes-0826/routes.csv,fibre,"route R2cnative, surface PHerc0826-seed6273-squarecentre (time 2026-09-29T14:27:28Z)",the square does not touch the crop's edge,yes
r2c_one_fibre_tiles,97,render-routes-0826/routes.csv,fibre_tiles,"route R2cnative, surface PHerc0826-seed6273-squarecentre (time 2026-09-29T14:27:28Z)",,
r2c_one_window,clean window,render-routes-0826/routes.csv,window,"route R2cnative, surface PHerc0826-seed6273-squarecentre (time 2026-09-29T14:27:28Z)",,
r2c_one_rotation_deg,19.65,render-routes-0826/routes.csv,rotation_inplane_median,"route R2cnative, surface PHerc0826-seed6273-squarecentre (time 2026-09-29T14:27:28Z)",,
r2c_one_generations,200,render-routes-0826/r2c-runs.csv,max_gen,start PHerc0826-seed6273-squarecentre,,
r2c_two_seed,5364,render-routes-0826/square-checks.csv,surface,"route R2cnative, surface PHerc0826-seed5364-squarecentre (time 2026-09-29T14:35:30Z)",,
r2c_two_square_mm,27.2369,render-routes-0826/square-checks.csv,square_mm,"route R2cnative, surface PHerc0826-seed5364-squarecentre (time 2026-09-29T14:35:30Z)",,
r2c_two_strict_mm,22.2778,render-routes-0826/square-checks.csv,strict_square_mm,"route R2cnative, surface PHerc0826-seed5364-squarecentre (time 2026-09-29T14:35:30Z)",,
r2c_two_pairwise_mm,27.9882,render-routes-0826/square-checks.csv,pairwise_square_mm,"route R2cnative, surface PHerc0826-seed5364-squarecentre (time 2026-09-29T14:35:30Z)",,
r2c_two_sec_i_share,0.3241,render-routes-0826/square-checks.csv,section_i_share_within_3_vox,"route R2cnative, surface PHerc0826-seed5364-squarecentre (time 2026-09-29T14:35:30Z)",,
r2c_two_sec_j_share,0.3186,render-routes-0826/square-checks.csv,section_j_share_within_3_vox,"route R2cnative, surface PHerc0826-seed5364-squarecentre (time 2026-09-29T14:35:30Z)",,
r2c_two_on_ours_share,0.2799,render-routes-0826/square-checks.csv,within3_share_all_cells,"route R2cnative, surface PHerc0826-seed5364-squarecentre (time 2026-09-29T14:35:30Z)",,
r2c_two_sec_i_median,5,render-routes-0826/square-checks.csv,section_i_peak_offset_median_vox,"route R2cnative, surface PHerc0826-seed5364-squarecentre (time 2026-09-29T14:35:30Z)",,
r2c_two_sec_j_median,7,render-routes-0826/square-checks.csv,section_j_peak_offset_median_vox,"route R2cnative, surface PHerc0826-seed5364-squarecentre (time 2026-09-29T14:35:30Z)",,
r2c_two_our_sheet,seed4494-S6,render-routes-0826/square-checks.csv,within3_best_sheet,"route R2cnative, surface PHerc0826-seed5364-squarecentre (time 2026-09-29T14:35:30Z)",,
r2c_two_flags,0,render-routes-0826/square-checks.csv,in_square_v2 + self_conflict_a + self_conflict_b + a2_rule + holes,"route R2cnative, surface PHerc0826-seed5364-squarecentre (time 2026-09-29T14:35:30Z)",the certified square carries no flag,yes
r2c_two_fibre,0.1301,render-routes-0826/routes.csv,fibre,"route R2cnative, surface PHerc0826-seed5364-squarecentre (time 2026-09-29T14:35:30Z)",the square does not touch the crop's edge,yes
r2c_two_fibre_tiles,72,render-routes-0826/routes.csv,fibre_tiles,"route R2cnative, surface PHerc0826-seed5364-squarecentre (time 2026-09-29T14:35:30Z)",,
r2c_two_window,clean window,render-routes-0826/routes.csv,window,"route R2cnative, surface PHerc0826-seed5364-squarecentre (time 2026-09-29T14:35:30Z)",,
r2c_two_rotation_deg,17.51,render-routes-0826/routes.csv,rotation_inplane_median,"route R2cnative, surface PHerc0826-seed5364-squarecentre (time 2026-09-29T14:35:30Z)",,
r2c_two_generations,200,render-routes-0826/r2c-runs.csv,max_gen,start PHerc0826-seed5364-squarecentre,,
r2c_one_aligned_residual_deg,4.292,render-routes-0826/aligned-square.csv,residual_rotation_inplane_median_deg,"route R2cnative, surface PHerc0826-seed6273-squarecentre (time 2026-09-29T15:56:39Z)",the regrid is best-windows-0826's align.py,yes
r2c_one_aligned_from_square,0.868447,render-routes-0826/aligned-square.csv,square_share_from_certified_square,"route R2cnative, surface PHerc0826-seed6273-squarecentre (time 2026-09-29T15:56:39Z)",,
r2c_crop_mm,60,prereg/render-routes-0826.md,«Route R2cnative: ... (N x N mm)»,the declaration,,
r2c_old_square_mm,30.0063,render-routes-0826/old-square-on-r2c.csv,header line,header,,
r2c_old_conflict_pairs_outside,2658,render-routes-0826/old-square-on-r2c.csv,"cause_outside_old_crop, sum over the self conflict rows (a end and b end)",self conflict rows,none of those pairs has its other end inside the old crop,yes
r2c_old_other_flags,0,render-routes-0826/old-square-on-r2c.csv,"flagged_old_square_cells, sum over holes, v2 and a2 rows",those rows,,
regrid_first_fail_value,0.622,render-routes-0826/regrid-selftest.csv,value of the first row with passed no,2026-09-29T06:47:32Z T2,,
regrid_first_fail_bar,0.5,render-routes-0826/regrid-selftest.csv,bar of that row,,,
refcheck_ncc_min,1.0000,ink-finetune-k2/refcheck.csv,"best_ncc, min",every row (2),every row passes at k0 m0 with no offset,yes
refcheck_segments,2,ink-finetune-k2/refcheck.csv,rows,every row,,
